MUNICIPIO;Qtd empresas
SAO PAULO;8488
RIO DE JANEIRO;1948
BRASILIA;1881
CURITIBA;1641
BELO HORIZONTE;1051
PORTO ALEGRE;987
SALVADOR;829
CAMPINAS;645
FORTALEZA;599
RECIFE;570
RIBEIRAO PRETO;549
SANTO ANDRE;496
GOIANIA;458
CUIABA;447
GUARULHOS;422
SAO BERNARDO DO CAMPO;412
FLORIANOPOLIS;403
SOROCABA;370
SAO JOSE DOS CAMPOS;312
VITORIA;307
NITEROI;292
SAO LUIS;287
MARINGA;279
TERESINA;276
OSASCO;274
UBERLANDIA;262
LONDRINA;259
MANAUS;241
SANTOS;238
JOAO PESSOA;237
MOGI DAS CRUZES;236
JUNDIAI;235
NATAL;234
CAMPO GRANDE;227
BARUERI;211
ARACAJU;197
SAO JOSE DO RIO PRETO;170
PONTA GROSSA;166
SAO CAETANO DO SUL;163
VILA VELHA;161
MACEIO;158
FEIRA DE SANTANA;150
CASCAVEL;147
SERRA;132
JOINVILLE;130
BELEM;128
BAURU;124
JUIZ DE FORA;124
LAURO DE FREITAS;112
MAUA;109
SUZANO;103
SAO CARLOS;101
PALMAS;101
RONDONOPOLIS;101
MONTES CLAROS;101
AMERICANA;101
FOZ DO IGUACU;97
PRESIDENTE PRUDENTE;97
COTIA;96
IPATINGA;96
CAXIAS DO SUL;95
ATIBAIA;94
DIADEMA;91
CANOAS;89
CHAPECO;87
BRAGANCA PAULISTA;86
SAO JOSE DOS PINHAIS;86
PIRACICABA;85
SAO JOSE;85
CONTAGEM;84
TABOAO DA SERRA;84
BLUMENAU;83
TAUBATE;82
LIMEIRA;82
MARILIA;82
INDAIATUBA;81
PORTO VELHO;80
PETROLINA;80
ITAJAI;79
FRANCA;78
JACAREI;78
UBERABA;77
NOVO HAMBURGO;76
POCOS DE CALDAS;76
ITABUNA;76
CARIACICA;76
ASSIS;75
ARARAQUARA;73
CAMPINA GRANDE;73
NOVA IGUACU;70
ARACATUBA;69
PRAIA GRANDE;68
VALINHOS;66
DOURADOS;66
VARZEA GRANDE;66
VITORIA DA CONQUISTA;65
SAO GONCALO;63
MACAPA;63
BOA VISTA;63
DUQUE DE CAXIAS;62
CRICIUMA;62
RIO BRANCO;62
PASSO FUNDO;61
ITAJUBA;61
ANAPOLIS;60
PELOTAS;59
MOSSORO;58
RIO CLARO;58
FERNANDOPOLIS;58
JABOATAO DOS GUARARAPES;57
SANTANA DE PARNAIBA;57
OLINDA;57
PETROPOLIS;56
TOLEDO;56
GUARAPUAVA;55
CAMPOS DOS GOYTACAZES;53
BALNEARIO CAMBORIU;53
SERTAOZINHO;53
CARAPICUIBA;53
VOLTA REDONDA;52
OURINHOS;52
CARUARU;52
DIVINOPOLIS;52
PALHOCA;51
SUMARE;51
GOVERNADOR VALADARES;49
SINOP;49
CATANDUVA;47
JARAGUA DO SUL;47
CATALAO;47
FRANCISCO BELTRAO;47
APUCARANA;47
GUARATINGUETA;46
ERECHIM;46
CAMPO MOURAO;46
SANTA MARIA;46
LAVRAS;45
ITAQUAQUECETUBA;45
BETIM;45
SAO LEOPOLDO;44
LAGES;44
LINS;44
MACAE;44
UMUARAMA;43
ANDRADINA;42
ITU;42
VINHEDO;42
MOCOCA;41
GUARUJA;41
CONSELHEIRO LAFAIETE;40
VICOSA;39
SORRISO;38
RIO GRANDE;38
NOVA FRIBURGO;37
ILHA SOLTEIRA;37
APARECIDA DE GOIANIA;37
BOTUCATU;37
VARGINHA;37
SETE LAGOAS;37
TUPA;36
POUSO ALEGRE;35
PARNAMIRIM;35
PAULINIA;35
MOGI-GUACU;35
SAO VICENTE;35
RESENDE;34
PATOS DE MINAS;34
SAO JOSE DO RIO PARDO;34
RIO VERDE;34
PRIMAVERA DO LESTE;33
ARAUCARIA;33
CIANORTE;33
PARANAVAI;32
ARAPONGAS;32
SAO ROQUE;32
CRUZEIRO;32
SAO JOAQUIM DA BARRA;32
GRAVATAI;32
JUAZEIRO DO NORTE;32
JUAZEIRO;32
CACHOEIRO DE ITAPEMIRIM;31
SANTA BARBARA D'OESTE;31
SANTAREM;31
HORTOLANDIA;31
TUBARAO;30
CACHOEIRA DO SUL;30
ITAPEVI;30
ADAMANTINA;30
SAO JOAO DA BOA VISTA;29
EMBU DAS ARTES;29
POA;29
PATO BRANCO;29
FERRAZ DE VASCONCELOS;28
ORLANDIA;28
CACHOEIRINHA;28
VOTUPORANGA;28
CARATINGA;28
ARACRUZ;28
ITAPETININGA;28
ARAGUAINA;27
RIO DO SUL;27
TERESOPOLIS;27
IMPERATRIZ;27
TATUI;27
PASSOS;27
BEBEDOURO;27
CAMACARI;27
CACERES;27
CUBATAO;26
JAGUARIUNA;26
ITATIBA;26
SAO JOAO DE MERITI;26
ITUIUTABA;26
SALTO;26
CAMAQUA;25
TRAMANDAI;25
PATOS;25
ARARAS;25
JI-PARANA;25
TEIXEIRA DE FREITAS;25
LAJEADO;24
BARRA DO GARCAS;24
TRES LAGOAS;24
JEQUIE;24
MOGI MIRIM;24
ITAPEVA;24
IBIRUBA;24
SANTA ROSA;24
TRES DE MAIO;24
SANTO ANTONIO DE JESUS;24
ITABIRA;24
POMPEIA;24
AMPARO;23
ARUJA;23
PINDAMONHANGABA;23
RIO DAS OSTRAS;23
JATAI;23
ITAPEMA;23
COLATINA;23
MEDIANEIRA;23
RIBEIRAO PIRES;23
MURIAE;22
VOTORANTIM;22
BRUSQUE;22
TANGARA DA SERRA;22
BIGUACU;22
LINHARES;22
ITUMBIARA;22
JOAO MONLEVADE;22
BIRIGUI;22
BRUMADO;22
ARAGUARI;22
MONTE ALTO;22
CORNELIO PROCOPIO;21
VILHENA;21
CAPIVARI;21
TIMOTEO;21
TELEMACO BORBA;21
SANTA LUZIA;21
NOVA LIMA;21
JALES;21
PATROCINIO;21
BELFORD ROXO;21
ARAPIRACA;21
SAO JOAO DEL REI;21
JANDIRA;20
LUCAS DO RIO VERDE;20
DRACENA;20
PARANAGUA;20
ITAPECERICA DA SERRA;20
EUNAPOLIS;20
NILOPOLIS;20
ITURAMA;20
ARAXA;20
CABO FRIO;20
UBA;20
ILHEUS;20
ITABORAI;20
COLOMBO;20
CAMPO LARGO;19
CAJAMAR;19
IJUI;19
SANTA FE DO SUL;19
SERAFINA CORREA;19
PAULISTA;19
GURUPI;19
SAO SEBASTIAO DO PARAISO;19
BARRA MANSA;19
MINEIROS;19
ALFENAS;19
CERES;19
SARANDI;19
CONCORDIA;19
MANHUACU;19
TEOFILO OTONI;19
PINHAIS;19
GARANHUNS;19
JABOTICABAL;18
GUANAMBI;18
ANANINDEUA;18
ITUPEVA;18
UNIAO DA VITORIA;18
MATAO;18
CANOINHAS;18
PONTAL;18
JOACABA;18
SAO MIGUEL DO OESTE;18
CAIEIRAS;18
MARABA;18
ALAGOINHAS;18
PAULO AFONSO;18
SOBRAL;17
PARAUAPEBAS;17
SANTA CRUZ DO SUL;17
PORTO SEGURO;17
VARZEA PAULISTA;17
ESTEIO;17
LUIS EDUARDO MAGALHAES;17
SANTA CRUZ DO RIO PARDO;17
FREDERICO WESTPHALEN;17
LEME;17
JANDAIA DO SUL;17
PENAPOLIS;17
UNAI;17
PARNAIBA;16
SENADOR CANEDO;16
MIRASSOL;16
CRATO;16
BARREIRAS;16
BARBACENA;16
SAO MATEUS;16
CORONEL FABRICIANO;16
CARPINA;16
CACOAL;16
ARIQUEMES;16
CARAZINHO;16
GUARAPARI;16
PARANAIBA;16
PONTE NOVA;15
BARRETOS;15
VALPARAISO DE GOIAS;15
JAU;15
CURITIBANOS;15
VIDEIRA;15
PIRASSUNUNGA;15
CARLOS BARBOSA;15
JACAREZINHO;15
VITORIA DE SANTO ANTAO;15
FRANCO DA ROCHA;15
BENTO GONCALVES;15
MARECHAL CANDIDO RONDON;15
SANTO ANGELO;15
ARARUAMA;15
GUAXUPE;15
OLIMPIA;15
CACAPAVA;15
ANGRA DOS REIS;15
MARICA;15
IRATI;15
GUARANTA DO NORTE;15
MESQUITA;14
PARA DE MINAS;14
CALDAS NOVAS;14
ESPIRITO SANTO DO PINHAL;14
NOVO HORIZONTE;14
CABO DE SANTO AGOSTINHO;14
SENHOR DO BONFIM;14
ALTA FLORESTA;14
TAQUARITINGA;14
MAIRIPORA;14
TRES CORACOES;14
SAPUCAIA DO SUL;14
FRUTAL;14
CARAGUATATUBA;14
SAO BENTO DO SUL;14
SAO PEDRO DA ALDEIA;14
LORENA;14
TAQUARA;13
SANTO ANTONIO DA PLATINA;13
GUAIBA;13
CORBELIA;13
GARIBALDI;13
VIAMAO;13
RIBEIRAO DAS NEVES;13
GOIANA;13
FORMOSA;13
VENANCIO AIRES;13
BOM DESPACHO;13
LUZIANIA;13
CASTILHO;13
ITAPIRA;13
GUAIRA;13
SIMOES FILHO;13
ARCOVERDE;13
CRUZ ALTA;13
PARAGUACU PAULISTA;13
LAGARTO;12
MORRINHOS;12
SILVANIA;12
PEDREIRA;12
COLIDER;12
MIRANDOPOLIS;12
OURO BRANCO;12
MARIALVA;12
ITAPERUNA;12
CAMARAGIBE;12
MIRASSOL D'OESTE;12
DESCALVADO;12
ALMIRANTE TAMANDARE;12
PARACATU;12
MACHADO;12
NOVA PRATA;12
ITABIRITO;12
UBATUBA;12
ITAPACI;12
ITAUNA;11
SAQUAREMA;11
ITABAIANA;11
XANXERE;11
NOVA MUTUM;11
ROLANDIA;11
VALENCA;11
MUNIZ FREIRE;11
TRINDADE;11
BANDEIRANTES;11
GARCA;11
MARACANAU;11
IVAIPORA;11
RUBIATABA;11
GUAPORE;11
ALTAMIRA;11
LAGOA DA PRATA;11
FAZENDA RIO GRANDE;11
BARRINHA;11
IPAMERI;11
BELO JARDIM;11
MARAU;11
CORDEIROPOLIS;11
IRECE;11
JOSE BONIFACIO;10
REGENTE FEIJO;10
HORIZONTINA;10
PORTO FERREIRA;10
PINHALZINHO;10
GUARATUBA;10
BERTIOGA;10
CAMPO VERDE;10
CURVELO;10
OSVALDO CRUZ;10
ITANHAEM;10
MANDAGUARI;10
ITUVERAVA;10
DOIS VIZINHOS;10
CASTANHAL;10
CATAGUASES;10
SAO SEBASTIAO;10
CRUZEIRO DO SUL;10
REGISTRO;10
CAMBORIU;10
IPUA;10
OSORIO;10
CAARAPO;10
CATU;10
LARANJEIRAS DO SUL;10
CAMPO LIMPO PAULISTA;10
CONCEICAO DO COITE;10
CAPAO DA CANOA;10
MONTENEGRO;10
PEREIRA BARRETO;9
PITANGUEIRAS;9
AVARE;9
ENCANTADO;9
BOM JESUS;9
CRUZ DAS ALMAS;9
ARARANGUA;9
GOIANESIA;9
SAO FRANCISCO DO SUL;9
CORUMBA;9
BATATAIS;9
NAVEGANTES;9
MARIANA;9
PALMEIRA DAS MISSOES;9
URUGUAIANA;9
BAGE;9
ITABERABA;9
BARRA DO BUGRES;9
FRANCISCO MORATO;9
CAXIAS;9
ARCOS;9
PERUIBE;9
RIO NEGRO;9
SAO SEBASTIAO DO CAI;9
SANTO ANASTACIO;9
PORTO UNIAO;9
PORTO FELIZ;9
ENGENHEIRO COELHO;9
VARGEM GRANDE PAULISTA;9
CAMPOS NOVOS;9
FORMIGA;9
BOITUVA;9
MARACAS;9
LAGOA SANTA;9
BOA VISTA DO BURICA;9
SERRA NEGRA;9
SAPIRANGA;9
LIMOEIRO;9
VESPASIANO;8
BARAO DE COCAIS;8
PACO DO LUMIAR;8
MARAVILHA;8
SAO PEDRO;8
SANTA RITA DO PASSA QUATRO;8
SONORA;8
SAPEZAL;8
TAPES;8
QUEIMADOS;8
SANTO ESTEVAO;8
ITUPORANGA;8
IMBITUBA;8
JACOBINA;8
VERA CRUZ;8
INHUMAS;8
MORRO AGUDO;8
FRAIBURGO;8
JARU;8
CASA BRANCA;8
SANTO CRISTO;8
VISCONDE DO RIO BRANCO;8
ICARA;8
PALMEIRA DOS INDIOS;8
MARATAIZES;8
TIMON;8
QUEDAS DO IGUACU;8
CANDIDO MOTA;8
NOVA VENECIA;8
MONTE AZUL PAULISTA;8
ESTANCIA;8
VALPARAISO;8
PITANGA;8
BOTELHOS;8
SERRA TALHADA;8
PORTO NACIONAL;8
JANAUBA;8
JAGUARARI;8
TAPEJARA;8
GUACUI;8
CAPINZAL;8
PRESIDENTE VENCESLAU;8
URUPES;8
IPORA;8
SOUSA;8
INDAIAL;8
NIQUELANDIA;8
COROMANDEL;8
CAMBARA;8
MAIRI;8
SANTIAGO;8
PIRAJUI;8
EMBU-GUACU;8
SANTANA DO PARAISO;8
IGARASSU;8
SAO LUIS DE MONTES BELOS;8
GRAVATA;8
ITAITUBA;7
GOIATUBA;7
SANTA ISABEL;7
PIRAJU;7
FLORIANO;7
CACADOR;7
IBIPORA;7
IBATE;7
GOIOERE;7
IPIAU;7
MAFRA;7
CAUCAIA;7
SAO LOURENCO DO OESTE;7
BELA VISTA DE GOIAS;7
TIETE;7
SAO LOURENCO;7
BARRA DE SAO FRANCISCO;7
CACONDE;7
BURITAMA;7
ALVORADA;7
ILHABELA;7
PALMITAL;7
CONCEICAO DA FEIRA;7
SAO SEBASTIAO DO PASSE;7
CAMPO NOVO DO PARECIS;7
MANOEL RIBAS;7
COSMOPOLIS;7
IGUATU;7
CANAA DOS CARAJAS;7
AGUAS LINDAS DE GOIAS;7
UBIRATA;7
ALTONIA;7
HUMAITA;7
SANTO ANTONIO DE POSSE;7
SABARA;7
SAO JOSE DOS QUATRO MARCOS;7
ANDRADAS;7
GETULIO VARGAS;7
NATIVIDADE;7
RIO NEGRINHO;7
PIMENTA BUENO;7
TREMEMBE;7
DIAS D'AVILA;7
SAO JOSE DE RIBAMAR;7
CAICO;7
AURIFLAMA;7
VACARIA;7
CONFRESA;7
RIALMA;7
BALSAS;7
SANTA MARIA DE ITABIRA;7
IBIRITE;7
CRATEUS;7
ASSIS CHATEAUBRIAND;7
MONTE SANTO DE MINAS;7
CASSILANDIA;7
LENCOIS PAULISTA;7
TIMBAUBA;7
ARTUR NOGUEIRA;7
QUATA;7
NAVIRAI;7
CAPAO BONITO;7
ROLIM DE MOURA;7
PLANALTINA;7
POJUCA;7
PONTA PORA;7
SOCORRO;7
RANCHARIA;7
POTIRENDABA;7
PICOS;7
CAJAZEIRAS;7
CAMBE;7
CRAVINHOS;6
NOVA ANDRADINA;6
MUCURI;6
TIMBO;6
SOBRADINHO;6
MARA ROSA;6
BONITO;6
IGARAPAVA;6
IUNA;6
ACAILANDIA;6
SANTO ANTONIO DE GOIAS;6
CAMOCIM;6
IGUATEMI;6
SANTA INES;6
JARDINOPOLIS;6
CERQUILHO;6
JUARA;6
ALVINOPOLIS;6
CAJURU;6
BARRACAO;6
CAPIM GROSSO;6
MONGAGUA;6
QUIXADA;6
CARANGOLA;6
PEDRO LEOPOLDO;6
MINACU;6
SAO JOAO D'ALIANCA;6
CARANDAI;6
MORUNGABA;6
LUCELIA;6
PAICANDU;6
LARANJAL PAULISTA;6
CONGONHAS;6
SANTA BARBARA;6
NOVA OLIMPIA;6
PIRAQUARA;6
OURO FINO;6
TARAUACA;6
INDEPENDENCIA;6
SERRANA;6
SANTO AMARO;6
JUNQUEIROPOLIS;6
CONCEICAO DO MATO DENTRO;6
SAO JOSE DO OURO;6
ANCHIETA;6
CAPANEMA;6
BRACO DO NORTE;6
SAO BORJA;6
CAMPO MAIOR;6
SANTANA DO LIVRAMENTO;6
CAMPINA VERDE;6
NAO-ME-TOQUE;6
BRODOWSKI;6
TERRA BOA;6
ITAPURANGA;6
JABORANDI;6
PANAMBI;6
BALNEARIO DE PICARRAS;6
NEROPOLIS;6
CABREUVA;6
PALMARES;6
GENERAL SALGADO;6
CAMPINA GRANDE DO SUL;6
TRES PASSOS;6
VIANA;6
ARAPOTI;6
OURO PRETO DO OESTE;6
IPAUSSU;6
DIAMANTINA;6
MAIRINQUE;6
MARANGUAPE;6
FARROUPILHA;6
SERRA DO SALITRE;6
GUARAREMA;6
LAGUNA;6
MONTE MOR;6
SURUBIM;6
PALOTINA;6
ITAPETINGA;6
JUINA;5
SANTA TERESA;5
JAPERI;5
PEDERNEIRAS;5
ALEGRETE;5
IRACEMAPOLIS;5
COLORADO;5
IVINHEMA;5
SAO MARCOS;5
JAGUAQUARA;5
GUARIBA;5
ITA;5
IBIA;5
NOVA ODESSA;5
ILICINEA;5
TAQUARI;5
CAMPOS DO JORDAO;5
MARACAJU;5
FATIMA;5
CACHOEIRA;5
CANELA;5
CANARANA;5
PARAGUACU;5
ALEXANIA;5
MATELANDIA;5
PORTO REAL;5
TRES MARIAS;5
PARANACITY;5
MACAUBAS;5
CONCEICAO DO CASTELO;5
COSTA RICA;5
COMODORO;5
APARECIDA;5
FENIX;5
ALEGRE;5
IGREJINHA;5
SANANDUVA;5
SANTA CRUZ DO CAPIBARIBE;5
CIDADE OCIDENTAL;5
VERANOPOLIS;5
PRADOPOLIS;5
CAFELANDIA;5
CRISTALINA;5
CORDEIRO;5
UCHOA;5
LIVRAMENTO DE NOSSA SENHORA;5
FATIMA DO SUL;5
RIO BONITO;5
TUPI PAULISTA;5
GUARA;5
QUATRO BARRAS;5
REALEZA;5
RAFAEL JAMBEIRO;5
ITAU DE MINAS;5
LOUVEIRA;5
SANTANA;5
JUATUBA;5
SERRINHA;5
SAO RAIMUNDO NONATO;5
CURRAIS NOVOS;5
CRIXAS;5
ALEM PARAIBA;5
ITAGUARU;5
IGARATA;5
BARRA VELHA;5
AGUA BOA;5
MATUPA;5
LOBATO;5
ARARIPINA;5
PIRAPORA;5
MANDAGUACU;5
PANORAMA;5
CERRO GRANDE DO SUL;5
OLIVEIRA DOS BREJINHOS;5
CONCEICAO DO JACUIPE;5
CACHOEIRA PAULISTA;5
SALINAS;5
AREADO;5
NOVA SERRANA;5
ARAPUTANGA;5
MIGUEL PEREIRA;5
RIBAS DO RIO PARDO;5
URANIA;5
MONTE APRAZIVEL;5
CAMPO BELO;5
HELIOPOLIS;5
IBITINGA;5
PORTAO;5
PAU DOS FERROS;5
CRUZEIRO DO OESTE;5
VENDA NOVA DO IMIGRANTE;5
LAGOA VERMELHA;5
APARECIDA DO TABOADO;5
TARUMA;5
JACIARA;5
ALEGRIA;5
FAXINAL DOS GUEDES;5
CACHOEIRAS DE MACACU;5
SANTA RITA DO SAPUCAI;5
ITABERAI;5
TEUTONIA;5
BACABAL;5
AGUAI;5
CAMPO BOM;5
ITAGUAI;5
MOZARLANDIA;5
SAO LUIZ GONZAGA;5
ABAETETUBA;5
ESPUMOSO;5
TAPURAH;5
PORANGATU;5
SAO GONCALO DO AMARANTE;5
TIANGUA;5
TRES RIOS;5
PIRAPOZINHO;4
DIVINO;4
SAO FIDELIS;4
CHOPINZINHO;4
VALENCA DO PIAUI;4
ORINDIUVA;4
PEDRA PRETA;4
EXTERIOR;4
PIUMA;4
VARGEM GRANDE DO SUL;4
NOVA XAVANTINA;4
IVOTI;4
NOVA VENEZA;4
SANTA ROSA DE VITERBO;4
SANTALUZ;4
ALTINOPOLIS;4
TURVO;4
DIAMANTINO;4
DOURADINA;4
VASSOURAS;4
ALVINLANDIA;4
RUSSAS;4
RIO CASCA;4
ARAGARCAS;4
MATA DE SAO JOAO;4
MAGE;4
MUNDO NOVO;4
CLEVELANDIA;4
MURITIBA;4
CONCEICAO DAS ALAGOAS;4
BARRA DO CHOCA;4
RIO PARDO DE MINAS;4
PORTO BELO;4
NOVA CRIXAS;4
JANUARIA;4
PARATY;4
URAI;4
BOA ESPERANCA;4
MARTINOPOLIS;4
PIRES DO RIO;4
LUPERCIO;4
MARILANDIA DO SUL;4
ALTO PIQUIRI;4
CIRIACO;4
XAXIM;4
GOIAS;4
BARIRI;4
DOIS IRMAOS;4
ITACOATIARA;4
ESTRELA DO NORTE;4
PEIXOTO DE AZEVEDO;4
DAVID CANABARRO;4
SAO MANUEL;4
NOVO ITACOLOMI;4
CARLOPOLIS;4
ASTORGA;4
SANTA TEREZINHA DE ITAIPU;4
SAO GABRIEL DA PALHA;4
CACAPAVA DO SUL;4
SEARA;4
SALES OLIVEIRA;4
SANTO AMARO DA IMPERATRIZ;4
PIEDADE;4
PONTES E LACERDA;4
RESERVA;4
FLORESTA;4
CANDEIAS;4
DOMINGOS MARTINS;4
BEZERROS;4
GRAMADO;4
NOVA CRUZ;4
SAO FRANCISCO DE ASSIS;4
BROTAS;4
BOM JESUS DOS PERDOES;4
BURITIS;4
CASTRO;4
AQUIDAUANA;4
JEREMOABO;4
JUSSARA;4
LIMOEIRO DO NORTE;4
DOBRADA;4
IPIRANGA DO NORTE;4
CLAUDIA;4
RIBEIRAO BONITO;4
DOURADO;4
IBIUNA;4
ITAQUIRAI;4
TEODORO SAMPAIO;4
BOM JARDIM;4
PIRANGI;4
GUARABIRA;4
ITAPEJARA D'OESTE;4
TROMBUDO CENTRAL;4
EUSEBIO;4
CEDRAL;4
ESPERANTINA;4
BELO ORIENTE;4
CAMPOS GERAIS;4
CABO VERDE;4
MONTE SIAO;4
CAJATI;4
NOVA ESPERANCA;4
CAMPINA DAS MISSOES;4
REDENCAO;4
BIRITIBA-MIRIM;4
RIO BRANCO DO SUL;4
SANTA RITA;4
ARENAPOLIS;4
NOVA UBIRATA;4
BREJO SANTO;4
SAO JOSE DO RIO CLARO;4
SAO MATEUS DO SUL;4
JARINU;4
SANTA FE;4
PARAISO DO TOCANTINS;4
EXTREMA;4
SANTA HELENA;4
ESCADA;4
BARCARENA;4
CARAMBEI;4
PAROBE;4
CORONEL FREITAS;4
BARRA DO PIRAI;4
ITAPIPOCA;4
PRESIDENTE BERNARDES;4
ABREU E LIMA;4
SALTO DE PIRAPORA;4
VALENTIM GENTIL;4
AMERICO BRASILIENSE;4
ITACARE;4
PIUMHI;4
VIANOPOLIS;4
RONDON;4
MADRE DE DEUS;4
SANTA TEREZINHA DE GOIAS;3
PINTADAS;3
SAO SIMAO;3
MATEUS LEME;3
MATRIZ DE CAMARAGIBE;3
BRASILANDIA;3
MORADA NOVA;3
CASTELO DO PIAUI;3
NANUQUE;3
BAIXO GUANDU;3
ANTA GORDA;3
MANTENOPOLIS;3
PINHAO;3
DEODAPOLIS;3
JARAGUA;3
CHAPADINHA;3
CHARQUEADAS;3
NOVA BASSANO;3
SAO JOAO BATISTA;3
GOIANDIRA;3
RIO BANANAL;3
SANTO ANTONIO DO MONTE;3
QUELUZ;3
SANTA HELENA DE GOIAS;3
MIRANTE DO PARANAPANEMA;3
CAMPO DO BRITO;3
FORMOSO;3
MANDIRITUBA;3
CAPITAO LEONIDAS MARQUES;3
SANCLERLANDIA;3
SANTA MARIA DA VITORIA;3
PARAOPEBA;3
UNIAO DOS PALMARES;3
RESENDE COSTA;3
HARMONIA;3
MORRO DO CHAPEU;3
PIRIPIRI;3
LUZ;3
PESQUEIRA;3
ITAJA;3
NOVA RUSSAS;3
POSSE;3
CAXAMBU;3
BRASOPOLIS;3
LAMBARI D'OESTE;3
AFOGADOS DA INGAZEIRA;3
SANTO AUGUSTO;3
NOVO GAMA;3
VILA VALERIO;3
PIRANGUINHO;3
COCAL DO SUL;3
VIRADOURO;3
TEREZOPOLIS DE GOIAS;3
SANTO ANTONIO DA PATRULHA;3
PRESIDENTE EPITACIO;3
PALMEIRA;3
ESMERALDAS;3
CANAVIEIRAS;3
PILAR DO SUL;3
JARDIM;3
PEDRALVA;3
CARMO;3
URUANA;3
GRANJA;3
NOVA AMERICA;3
TENENTE PORTELA;3
ITAPURA;3
TORRES;3
ARIPUANA;3
INOCENCIA;3
VALENTE;3
BITURUNA;3
SAO GABRIEL DO OESTE;3
AGUAS DE LINDOIA;3
RODEIRO;3
CANTAGALO;3
PALMITOS;3
APIAI;3
IBIRAMA;3
MAMANGUAPE;3
IBIRAREMA;3
NOVA ERA;3
CORREIA PINTO;3
CORONEL VIVIDA;3
MANACAPURU;3
ASSU;3
TUCANO;3
ITAPUI;3
PENEDO;3
LOANDA;3
NOVA GRANADA;3
SAO JERONIMO DA SERRA;3
AMAMBAI;3
MANHUMIRIM;3
AJURICABA;3
ITAUCU;3
SAO FRANCISCO DO CONDE;3
COLINAS DO TOCANTINS;3
SAO MARTINHO;3
SAPE;3
MAQUINE;3
ITAPAGIPE;3
AGUA CLARA;3
IBAITI;3
SAO PEDRO DO IVAI;3
ABADIA DE GOIAS;3
IACIARA;3
OTACILIO COSTA;3
MARCELANDIA;3
RIBEIRAO CLARO;3
TAPIRATIBA;3
ITAPOA;3
TAIO;3
AGUAS FORMOSAS;3
MONTE ALEGRE;3
ESTRELA;3
MIGUEL CALMON;3
GUIMARANIA;3
VAZANTE;3
CARMO DO PARANAIBA;3
CAMPOS BELOS;3
BONFINOPOLIS DE MINAS;3
ITAPEMIRIM;3
MACHADINHO;3
DOIS LAJEADOS;3
COXIM;3
NOVA ALVORADA DO SUL;3
FERROS;3
MIGUELOPOLIS;3
BELA VISTA DE MINAS;3
CODO;3
UAUA;3
BELA VISTA;3
VERA;3
LAJEDO;3
VARJAO DE MINAS;3
ARACATI;3
AUREA;3
ALTO JEQUITIBA;3
CORACAO DE MARIA;3
CAPELA DO ALTO;3
CERRO LARGO;3
TRES PALMEIRAS;3
ALTO GARCAS;3
DIVINOLANDIA;3
TUPANDI;3
IACANGA;3
ITAOCARA;3
TEIXEIRAS;3
IEPE;3
ALVARES MACHADO;3
UBAPORANGA;3
JACUPIRANGA;3
ITAPIRANGA;3
DIONISIO CERQUEIRA;3
ANASTACIO;3
GUAJARA-MIRIM;3
TUCUNDUVA;3
SEBERI;3
ANGELICA;3
FLORIDA PAULISTA;3
JAGUARE;3
ARACI;3
TERRA ROXA;3
SAO JOSE DA LAPA;3
NUPORANGA;3
POMERODE;3
ROSANA;3
FAXINAL;3
PIRAI DO SUL;3
SANTA ADELIA;3
PIRACANJUBA;3
LAPA;3
VILA RICA;3
CANAPOLIS;3
NOVA MARINGA;3
ESTANCIA VELHA;3
SALVADOR DO SUL;3
BANANAL;3
ABELARDO LUZ;3
TABATINGA;3
ITATIAIA;3
TUNAPOLIS;3
SAO MIGUEL DO GUAPORE;3
PROMISSAO;3
SAO VENDELINO;3
IBATIBA;3
MAXIMILIANO DE ALMEIDA;3
BOCA DO ACRE;3
EMILIANOPOLIS;3
BONOPOLIS;3
SIDROLANDIA;3
JAGUARIBE;3
PALMITINHO;3
PRUDENTOPOLIS;3
IRANI;3
BAYEUX;3
SANTA CRUZ DAS PALMEIRAS;3
NOVA ALVORADA;3
NOVA SANTA RITA;3
CAPINOPOLIS;3
SAO DOMINGOS DO SUL;3
GOIANIRA;3
CAMBUI;3
PRESIDENTE GETULIO;3
NOVA LUZITANIA;3
OURO PRETO;3
PLANALTO;3
CORACAO DE JESUS;3
ALMENARA;3
SENA MADUREIRA;3
ROSARIO;3
QUIRINOPOLIS;3
GUAREI;3
ORIXIMINA;3
PARINTINS;3
SANTANA DO MANHUACU;3
BARRA DO CORDA;3
SAO JOAO DOS PATOS;3
MIRACEMA DO TOCANTINS;3
CARNEIRINHO;3
ILHA GRANDE;2
PARIQUERA-ACU;2
MACATUBA;2
GOIANINHA;2
JAGUARUANA;2
SIMAO DIAS;2
MARATA;2
ORIZONA;2
CORRENTINA;2
VIDAL RAMOS;2
MIRABELA;2
RIO PARANAIBA;2
CONCHAS;2
ITATINGA;2
BARRA;2
QUEIMADAS;2
PAULISTANA;2
URUCUI;2
CONCEICAO;2
POLONI;2
PAIM FILHO;2
AREIOPOLIS;2
SALTO DO JACUI;2
XINGUARA;2
JOAO ALFREDO;2
MUCUM;2
CANINDE;2
PARANATINGA;2
JUTI;2
SAO JOAO NEPOMUCENO;2
CANA VERDE;2
FORTALEZA DOS VALOS;2
RORAINOPOLIS;2
PLACIDO DE CASTRO;2
DOIS CORREGOS;2
MEDEIROS NETO;2
BARBALHA;2
BARRAS;2
NOBRES;2
JAGUAPITA;2
BOM RETIRO DO SUL;2
ITATIM;2
ASTOLFO DUTRA;2
SEROPEDICA;2
CANGUCU;2
AGUDOS DO SUL;2
SERTAO SANTANA;2
TAMBAU;2
ARARUNA;2
TRAJANO DE MORAES;2
SABINOPOLIS;2
BREJETUBA;2
CALIFORNIA;2
IRETAMA;2
QUERENCIA;2
JUSCIMEIRA;2
SERICITA;2
JURUTI;2
MACAIBA;2
SAO GOTARDO;2
ARACARIGUAMA;2
GENERAL CARNEIRO;2
URANDI;2
CAROLINA;2
MACHADINHO D'OESTE;2
AGUA BRANCA;2
ESPIGAO D'OESTE;2
MURUTINGA DO SUL;2
ANGULO;2
CAMPESTRE;2
RUBINEIA;2
PIRACURUCA;2
INDIANA;2
SAO JOSE DA BARRA;2
SIQUEIRA CAMPOS;2
SANTO INACIO;2
LARANJEIRAS;2
IPOJUCA;2
FAZENDA NOVA;2
ORLEANS;2
SARZEDO;2
PEDREGULHO;2
PADRE BERNARDO;2
SAO JOAQUIM;2
CONCEICAO DO ARAGUAIA;2
LIMEIRA DO OESTE;2
LOURDES;2
GAROPABA;2
GUABIRUBA;2
BRAGANCA;2
POCO FUNDO;2
SAO JOAO DE IRACEMA;2
CARDOSO;2
CONCEICAO DO RIO VERDE;2
AMETISTA DO SUL;2
ESPIRITO SANTO;2
CLEMENTINA;2
MORADA NOVA DE MINAS;2
FAMA;2
IBIRA;2
ITANHEM;2
CABEDELO;2
GUARACI;2
DELMIRO GOUVEIA;2
SANTA CRUZ DO XINGU;2
ITOBI;2
MODELO;2
TRINDADE DO SUL;2
PALMEIRAS DE GOIAS;2
ABAETE;2
MERCEDES;2
ITAPECURU MIRIM;2
CACIQUE DOBLE;2
CAMAMU;2
EXTREMOZ;2
BRUMADINHO;2
TANABI;2
SANTA CECILIA;2
CASTELO;2
IRAPUA;2
CARAUBAS DO PIAUI;2
TABAPUA;2
PALESTINA;2
TANQUINHO;2
KALORE;2
MILAGRES;2
CIDADE GAUCHA;2
CACHOEIRA DOURADA;2
CORRENTE;2
RIO POMBA;2
CEU AZUL;2
ELDORADO DO SUL;2
CAMPO NOVO;2
COSMORAMA;2
CICERO DANTAS;2
ERVAL SECO;2
CASA NOVA;2
NOVA PETROPOLIS;2
PONTALINA;2
MONTE AZUL;2
JAPURA;2
SAO PEDRO DOS FERROS;2
BATAGUASSU;2
BATAYPORA;2
GASPAR;2
MARITUBA;2
SAO DESIDERIO;2
LADARIO;2
BREJO DA MADRE DE DEUS;2
CHAPADAO DO CEU;2
OEIRAS;2
PRATA;2
PINDORAMA;2
ITAGUAJE;2
JURUENA;2
SENADOR GUIOMARD;2
ESPERA FELIZ;2
DUARTINA;2
SERTANOPOLIS;2
CAMPOS SALES;2
HIDROLANDIA;2
COLNIZA;2
ITAJOBI;2
CUNHA;2
MISSAL;2
BOM PRINCIPIO;2
NOVA INDEPENDENCIA;2
PAPAGAIOS;2
EDEIA;2
PERDIZES;2
SALTO GRANDE;2
PEDRO II;2
PONTALINDA;2
PONTAO;2
RIACHAO DO JACUIPE;2
CASTRO ALVES;2
BAEPENDI;2
CHAPADA DOS GUIMARAES;2
BODOQUENA;2
SIMONESIA;2
BURITI ALEGRE;2
JABOTI;2
ITAI;2
CHIAPETTA;2
BOCAIUVA;2
LEOPOLDINA;2
APORE;2
ITAQUI;2
PORTO ESPERIDIAO;2
SOLANEA;2
SAO ROQUE DE MINAS;2
DESCANSO;2
CASCA;2
TAPERA;2
PARAISO DO NORTE;2
GLORIA DE DOURADOS;2
GUAPIMIRIM;2
PAULO DE FARIA;2
SERRO;2
APODI;2
SANTA VITORIA;2
ALTOS;2
TAIACU;2
JOAO CAMARA;2
AMPERE;2
PRESIDENTE CASTELLO BRANCO;2
BARAO DE GRAJAU;2
ITAMARANDIBA;2
DUMONT;2
TAIOBEIRAS;2
CEARA-MIRIM;2
JOSE DE FREITAS;2
CHAPADAO DO SUL;2
MIRANDA;2
SEABRA;2
TUPACIGUARA;2
CAETITE;2
SAO FRANCISCO DO GUAPORE;2
JULIO DE CASTILHOS;2
IPIRA;2
CAPELINHA;2
PORTO LUCENA;2
CATIGUA;2
TIBAGI;2
ITAPORA;2
SAO JOAO DO CAIUA;2
TROMBAS;2
GUAPO;2
NOSSA SENHORA DO SOCORRO;2
GUARAMIRIM;2
PEABIRU;2
SANTA MARIA DO OESTE;2
PARACAMBI;2
BARROSO;2
CONCHAL;2
MAMBORE;2
SAO DOMINGOS DO PRATA;2
INHAPIM;2
HOLAMBRA;2
AUGUSTINOPOLIS;2
BARRA DA ESTIVA;2
ARMACAO DOS BUZIOS;2
MONDAI;2
INHACORA;2
ANDRELANDIA;2
MUNHOZ DE MELO;2
PARAMIRIM;2
PORTO VITORIA;2
NOVA CANAA DO NORTE;2
ERVAL GRANDE;2
CAETANOPOLIS;2
PACAEMBU;2
CAMUTANGA;2
MIMOSO DO SUL;2
SANTA RITA DE CASSIA;2
FELIZ;2
SAO LUDGERO;2
GARUVA;2
PROFESSOR JAMIL;2
ANGATUBA;2
CUNHA PORA;2
NOVA BRASILANDIA D'OESTE;2
PEROLA D'OESTE;2
GUARANESIA;2
JOAO NEIVA;2
POCOES;2
CANDELARIA;2
MULITERNO;2
MACAUBAL;2
RIO GRANDE DA SERRA;2
SAO FRANCISCO DE PAULA;2
SETE QUEDAS;2
CHAPADA;2
MARCELINO RAMOS;2
CANDIDO GODOI;2
LEOPOLDO DE BULHOES;2
MELEIRO;2
IPIRANGA;2
ICO;2
ARAMBARE;2
TAQUARITUBA;2
EPITACIOLANDIA;2
MONSENHOR PAULO;2
MORRO REDONDO;2
IACU;2
NIOAQUE;2
MIRANORTE;2
SANTO ANTONIO DAS MISSOES;2
RIACHO DE SANTANA;2
FELIZ NATAL;2
SALGUEIRO;2
GUARAI;2
BORBOREMA;2
SANTA TEREZA DO OESTE;2
SAO FRANCISCO;2
BICAS;2
CAMAPUA;2
RIBEIRAO;2
BARAO;2
IGARACU DO TIETE;2
SAO MIGUEL DO IGUACU;2
NHANDEARA;2
SANTA SALETE;2
SOMBRIO;2
SOLEDADE;2
URUSSANGA;2
RAUL SOARES;2
SAO DOMINGOS;2
ALCOBACA;2
ROCA SALES;2
SELVIRIA;2
COLINAS;2
FEIJO;2
RIO AZUL;2
SANTO ANTONIO DO SUDOESTE;2
OUROESTE;2
OURICURI;2
JUQUITIBA;2
MONTE SANTO;2
SILVA JARDIM;2
VARZEA DA PALMA;2
PARAIBA DO SUL;2
ITAPORANGA;2
SAO LUIZ DO PARAITINGA;2
BOM JESUS DA LAPA;2
BREJO ALEGRE;2
MARECHAL FLORIANO;2
SAO LOURENCO DA SERRA;2
PARAUNA;2
ITAPAJE;2
POMBAL;2
ANAURILANDIA;2
SAUDADES;2
TABAI;2
FLORIDA;2
MONTE ALEGRE DE MINAS;2
BADY BASSITT;2
BAMBUI;2
RONDA ALTA;2
BARRA BONITA;2
INHAMBUPE;2
SAO JOAQUIM DE BICAS;2
MASSARANDUBA;2
TUPANCIRETA;2
MONTIVIDIU DO NORTE;2
BOM JESUS DO ITABAPOANA;2
ITATIBA DO SUL;2
CACHOEIRA ALTA;2
MARIAPOLIS;2
CAMPO FORMOSO;2
SANTO ANTONIO DO CAIUA;2
FUNDAO;2
JANDAIA;2
IMBE;2
IGUARACU;2
CONCEICAO DO ALMEIDA;2
AREIAS;2
MANTENA;2
ENTRE RIOS;2
HORIZONTE;2
SERINGUEIRAS;2
ROLANTE;2
FLORAI;2
RIO BRILHANTE;2
GUARARAPES;2
SAO LUIZ DO NORTE;2
ALCANTARA;2
GRANDES RIOS;2
CORONEL BICACO;2
SENGES;2
QUATRO PONTES;2
URUACU;2
CAMPO ERE;2
VICENCIA;2
PIRENOPOLIS;2
GUAPIACU;2
SAO JOSE DO CEDRO;2
ARACOIABA DA SERRA;2
SOLEDADE DE MINAS;2
VIADUTOS;2
BROCHIER;2
VISTA ALEGRE DO ALTO;2
PORTO ESTRELA;2
SANTO ANTONIO DO ARACANGUA;2
SAO FELIX DO XINGU;2
MATOZINHOS;2
ACREUNA;2
ITAMBE;1
PINHAL DE SAO BENTO;1
PIRATININGA;1
BURITINOPOLIS;1
SANTA TERESINHA;1
BEBERIBE;1
ESPERANTINOPOLIS;1
CRUZEIRO DO IGUACU;1
CATOLE DO ROCHA;1
XIQUE-XIQUE;1
MIGUEL ALVES;1
IPORA DO OESTE;1
PIRACAIA;1
ALTO ALEGRE DO MARANHAO;1
BURITIZAL;1
SACRAMENTO;1
SANTA MARIA DE JETIBA;1
AMARGOSA;1
ANAHY;1
NOVA MONTE VERDE;1
PALMAS DE MONTE ALTO;1
RAPOSA;1
ANITA GARIBALDI;1
SAO JOAO DA BARRA;1
PEDREIRAS;1
PARAI;1
CAMANDUCAIA;1
NOVA ESPERANCA DO SUDOESTE;1
BOM SUCESSO;1
TACIBA;1
CARMOPOLIS DE MINAS;1
ITAMBACURI;1
SAO JOAO DO PIAUI;1
RIBEIRAO DOS INDIOS;1
MACAU;1
ITANHANGA;1
ATALEIA;1
TRES BARRAS;1
CLARO DOS POCOES;1
VISTA GAUCHA;1
SAO ROQUE DO CANAA;1
BARRA DO MENDES;1
IPIRANGA DE GOIAS;1
CHOROZINHO;1
ESTIVA GERBI;1
SANTA TEREZINHA;1
ALVORADA DO NORTE;1
PASSA TEMPO;1
CARLINDA;1
SANTANA DO IPANEMA;1
ARAPUA;1
NOVO HORIZONTE DO OESTE;1
LUISLANDIA;1
PAULA FREITAS;1
SANTA RITA DO PARDO;1
EREBANGO;1
SAO JOAO DO OESTE;1
CAMBIRA;1
JATAUBA;1
ERVALIA;1
MANGUEIRINHA;1
PAULO BENTO;1
CABECEIRAS;1
MARECHAL DEODORO;1
GOIANESIA DO PARA;1
PORTO MURTINHO;1
TIMBO GRANDE;1
TERRA DE AREIA;1
CRUZ MACHADO;1
GAURAMA;1
ALPINOPOLIS;1
BARAO DE COTEGIPE;1
PINDARE MIRIM;1
TIMBIRAS;1
IBIACA;1
TAMANDARE;1
MONTANHA;1
ARUANA;1
ARVOREZINHA;1
TAQUARUCU DO SUL;1
BOFETE;1
SAO JOAO DO RIO DO PEIXE;1
CAVALCANTE;1
CALDAS;1
FIGUEIRA;1
LAURO MULLER;1
LEME DO PRADO;1
BRASILANDIA DO SUL;1
GOVERNADOR EDISON LOBAO;1
JAPARAIBA;1
JACUTINGA;1
JATAIZINHO;1
NOVO CRUZEIRO;1
PEDRO CANARIO;1
CARNAUBAL;1
SERTAO;1
IRUPI;1
GRUPIARA;1
PIMENTA;1
PALMEIRAS;1
BELA CRUZ;1
UBAITABA;1
SANTOS DUMONT;1
ITAMARAJU;1
CAMBUCI;1
ESTRELA VELHA;1
SANTA MARIA MADALENA;1
SANTA QUITERIA DO MARANHAO;1
PERITIBA;1
SCHROEDER;1
JAPARATINGA;1
PAINS;1
GRAMADO DOS LOUREIROS;1
SOBRALIA;1
SANTO ANTONIO DO PINHAL;1
JEQUITINHONHA;1
DOM PEDRITO;1
JEQUITIBA;1
ORIENTE;1
ITAIPULANDIA;1
AGUAS DA PRATA;1
NAZARE;1
SAO MIGUEL DO PASSA QUATRO;1
NAZARENO;1
MONTE NEGRO;1
SILVEIRA MARTINS;1
TUTOIA;1
GONCALVES;1
CORUMBAIBA;1
CORONEL BARROS;1
LONTRAS;1
NOVA PONTE;1
VIRMOND;1
IBITIARA;1
FORQUILHINHA;1
CENTRALINA;1
ALTO PARAISO;1
PRESIDENTE DUTRA;1
LAGOAO;1
RIBEIRAO GRANDE;1
SENADOR FIRMINO;1
SAO PEDRO DA CIPA;1
DILERMANDO DE AGUIAR;1
SAO JOSE DO DIVINO;1
JAGUARIAIVA;1
CACU;1
IGARAPE-MIRI;1
SANTA GERTRUDES;1
PEJUCARA;1
RIBEIRA DO POMBAL;1
TERENOS;1
CEREJEIRAS;1
FARTURA;1
ANICUNS;1
ALVARO DE CARVALHO;1
APARECIDA DO RIO DOCE;1
BARRA DOS COQUEIROS;1
ALFREDO MARCONDES;1
SEDE NOVA;1
ACARAU;1
ARACU;1
SAO LOURENCO DO SUL;1
ARATIBA;1
TAILANDIA;1
ALHANDRA;1
ALIANCA;1
ALTA FLORESTA D'OESTE;1
BREJOES;1
BARRO DURO;1
ARCEBURGO;1
REGINOPOLIS;1
SANTA CLARA D'OESTE;1
PONTES GESTAL;1
ACOPIARA;1
APORA;1
ELESBAO VELOSO;1
CAIBATE;1
SATIRO DIAS;1
MINAS NOVAS;1
JURANDA;1
SAO BENTO;1
NATALANDIA;1
AMARALINA;1
ITIQUIRA;1
NOVA LACERDA;1
UIRAUNA;1
AGUAS DE SAO PEDRO;1
ELOI MENDES;1
MONTEIRO LOBATO;1
NOVA SANTA BARBARA;1
LAGAMAR;1
JOAO PINHEIRO;1
PEDRA DO INDAIA;1
CARMO DO RIO CLARO;1
SERIO;1
MIRA ESTRELA;1
CRISTINO CASTRO;1
IPUMIRIM;1
PARAIBUNA;1
ICAPUI;1
RITAPOLIS;1
CRISSIUMAL;1
AMELIA RODRIGUES;1
LAGO DOS RODRIGUES;1
CAROEBE;1
ALFREDO VASCONCELOS;1
SANTA LUZIA DO ITANHY;1
CLAUDIO;1
POMBOS;1
MARIA HELENA;1
QUATIGUA;1
SANTA RITA DO ITUETO;1
MAURILANDIA;1
AREALVA;1
RESTINGA SECA;1
PONTE SERRADA;1
BOM JESUS DO GALHO;1
SAO CARLOS DO IVAI;1
BALSAMO;1
JOANOPOLIS;1
LAPAO;1
EUCLIDES DA CUNHA;1
CRAIBAS;1
ALUMINIO;1
MARIANO MORO;1
ANDIRA;1
NAZARIO;1
PORCIUNCULA;1
VARGEM ALEGRE;1
CONSELHEIRO PENA;1
AGUAS BELAS;1
MONTES CLAROS DE GOIAS;1
ARES;1
CRUZ DO ESPIRITO SANTO;1
PEDRA AZUL;1
IGARAPE;1
SAO JORGE D'OESTE;1
CAIAPONIA;1
BARAO DO MONTE ALTO;1
NAZARE PAULISTA;1
RIO MARIA;1
CARUTAPERA;1
JEQUITAI;1
BORDA DA MATA;1
PINHEIROS;1
TURMALINA;1
CAMPOS DE JULIO;1
EUGENOPOLIS;1
REBOUCAS;1
DOUTOR CAMARGO;1
PRESIDENTE MEDICI;1
CUPIRA;1
MARIOPOLIS;1
BARROCAS;1
COARI;1
MATRINCHA;1
MONTE BELO;1
LAGOA DO TOCANTINS;1
ARRAIAL DO CABO;1
OURIZONA;1
CENTENARIO;1
ARACATU;1
SANTA CRUZ DE MONTE CASTELO;1
BOMBINHAS;1
SAO GABRIEL DA CACHOEIRA;1
BOM CONSELHO;1
NOVA SANTA ROSA;1
RIO PRETO DA EVA;1
ITUETA;1
LEOPOLIS;1
QUINZE DE NOVEMBRO;1
MONTE CARLO;1
COLORADO DO OESTE;1
CAMPO ALEGRE;1
FONTOURA XAVIER;1
SAO LOURENCO DA MATA;1
SAO FRANCISCO DE SALES;1
SALESOPOLIS;1
IMBITUVA;1
SAO JOSE DA BOA VISTA;1
COCAL;1
FAINA;1
RIO VERDE DE MATO GROSSO;1
MANCIO LIMA;1
INACIO MARTINS;1
POPULINA;1
ROCHEDO;1
PERDOES;1
SAO FELIX DO ARAGUAIA;1
LIMA DUARTE;1
URUCUCA;1
PORTO AMAZONAS;1
PALMARES DO SUL;1
SAO FELIPE D'OESTE;1
TEFE;1
OURO;1
ITAGUACU;1
SAO JOAO DO PARAISO;1
IGREJA NOVA;1
CRUZMALTINA;1
JOSENOPOLIS;1
PARAISOPOLIS;1
CAMPO LIMPO DE GOIAS;1
RODEIO;1
GUARINOS;1
MALLET;1
POMPEU;1
RONDON DO PARA;1
ITAGUARA;1
VERE;1
SAO MIGUEL ARCANJO;1
RODEIO BONITO;1
SAO SEBASTIAO DA BOA VISTA;1
NAZARIA;1
RIO DAS FLORES;1
SAO JOSE DE MIPIBU;1
CHAVAL;1
URUPEMA;1
GUAMARE;1
BALSA NOVA;1
RESTINGA;1
COELHO NETO;1
VICTOR GRAEFF;1
SAO VALENTIM;1
BARREIROS;1
DOIS IRMAOS DO BURITI;1
IBIARA;1
IBIRAIARAS;1
AGRONOMICA;1
CAMPINACU;1
ITAPIRAPUA;1
CASTANHEIRA;1
PARECI NOVO;1
SAUDADE DO IGUACU;1
CAIABU;1
TANHACU;1
TOUROS;1
PONTAL DO PARANA;1
VICOSA DO CEARA;1
ENTRE RIOS DO OESTE;1
ESPLANADA;1
ITARIRI;1
NORTELANDIA;1
JOVIANIA;1
HIDROLINA;1
IBOTIRAMA;1
NOVO PLANALTO;1
COQUEIRAL;1
MOEMA;1
POCO DAS ANTAS;1
CASIMIRO DE ABREU;1
ALVORADA DO SUL;1
MAUA DA SERRA;1
SANDOVALINA;1
MURICI DOS PORTELAS;1
SAO GABRIEL;1
BAIXA GRANDE;1
QUILOMBO;1
SALTO DO LONTRA;1
SANTOPOLIS DO AGUAPEI;1
LUZERNA;1
ITAIOPOLIS;1
CANDOI;1
VALE DO ANARI;1
PADRE CARVALHO;1
JEQUERI;1
BALNEARIO GAIVOTA;1
JABOTICABA;1
CARMOPOLIS;1
UNIAO DO OESTE;1
ROSARIO DO CATETE;1
GETULINA;1
MATA VERDE;1
PASSO DE CAMARAGIBE;1
PACAJUS;1
OURO VERDE DE GOIAS;1
ITAPUA DO OESTE;1
DIVINOPOLIS DE GOIAS;1
CERQUEIRA CESAR;1
BARROLANDIA;1
TRES COROAS;1
ITINGA;1
PEROBAL;1
ALAMBARI;1
SAO SEBASTIAO DA GRAMA;1
BERNARDINO DE CAMPOS;1
LAGOA DOURADA;1
JERONIMO MONTEIRO;1
ABADIANIA;1
JAURU;1
PANAMA;1
CAPIVARI DE BAIXO;1
TAUA;1
ENGENHEIRO BELTRAO;1
CRISTAL;1
RAPOSOS;1
RIBEIRAO CASCALHEIRA;1
CANITAR;1
BARRO;1
SAO MIGUEL DO ANTA;1
PORTELANDIA;1
RENASCENCA;1
ITARUMA;1
AGUA FRIA;1
MARMELEIRO;1
FIGUEIROPOLIS D'OESTE;1
INCONFIDENTES;1
LINDOIA;1
PASSA QUATRO;1
SAO GONCALO DOS CAMPOS;1
LAVANDEIRA;1
TERRA RICA;1
TERRA NOVA DO NORTE;1
EUCLIDES DA CUNHA PAULISTA;1
PAULO FRONTIN;1
SAO FELIX DO CORIBE;1
COROATA;1
MONTE CARMELO;1
ERNESTINA;1
CARAPEBUS;1
UNIAO;1
RIBEIRAO DO PINHAL;1
BENEDITO NOVO;1
LAGOA DO ITAENGA;1
TOME-ACU;1
MINDURI;1
SAO JORGE DO PATROCINIO;1
MARACANA;1
QUIXERE;1
OCARA;1
LAGOA D'ANTA;1
PIRANHAS;1
TOMBOS;1
MANOEL URBANO;1
GUIRATINGA;1
GUARACIABA;1
GUARAITA;1
CORONEL MARTINS;1
NOVO BARREIRO;1
SAO MIGUEL DOS CAMPOS;1
TUPARENDI;1
VESPASIANO CORREA;1
ROLADOR;1
FRONTEIRA;1
CAETE;1
PRUDENTE DE MORAIS;1
PIQUEROBI;1
FLOREAL;1
VILA MARIA;1
SITIO NOVO DO TOCANTINS;1
TRIUNFO;1
TORIXOREU;1
PARANAITA;1
PANTANO GRANDE;1
SAO JOAO DA VARJOTA;1
VITORIA BRASIL;1
PENAFORTE;1
COLINA;1
CANDIOTA;1
COIMBRA;1
CORINTO;1
MIRAI;1
ALCINOPOLIS;1
SANTA EFIGENIA DE MINAS;1
BOA VISTA DAS MISSOES;1
GUARACAI;1
GIRAU DO PONCIANO;1
CAMPO ALEGRE DE GOIAS;1
SEVERINIA;1
GOVERNADOR MANGABEIRA;1
ALTO LONGA;1
SAO CAITANO;1
CANTO DO BURITI;1
TABAPORA;1
MATIPO;1
BODOCO;1
JARAGUARI;1
MAE DO RIO;1
POUSO REDONDO;1
SANTANA DO ARAGUAIA;1
MARCOLANDIA;1
CARMO DE MINAS;1
VARZEA ALEGRE;1
AMARANTE;1
BREVES;1
CHUPINGUAIA;1
QUIXERAMOBIM;1
CARLOS GOMES;1
ANTONIO DIAS;1
MONTIVIDIU;1
ANHEMBI;1
ARAQUARI;1
PARAGOMINAS;1
BREJOLANDIA;1
CARDOSO MOREIRA;1
ITAOCA;1
UBATA;1
REMANSO;1
MERUOCA;1
CUPARAQUE;1
SENHORA DE OLIVEIRA;1
BORRAZOPOLIS;1
AFONSO CLAUDIO;1
ITAGUACU DA BAHIA;1
EMBAUBA;1
SANTA QUITERIA;1
BURITI DOS LOPES;1
BIRITINGA;1
SALES;1
TREZE DE MAIO;1
COMENDADOR LEVY GASPARIAN;1
BOM SUCESSO DO SUL;1
PRESIDENTE FIGUEIREDO;1
ARROIO DO TIGRE;1
UIRAPURU;1
ITIUBA;1
SABAUDIA;1
SANTA RITA DE IBITIPOCA;1
PATROCINIO PAULISTA;1
IPIGUA;1
PIANCO;1
LAJINHA;1
GONGOGI;1
LAJEADO DO BUGRE;1
TEJUPA;1
CORIBE;1
RETIROLANDIA;1
NOVA PALMA;1
BRACO DO TROMBUDO;1
LAGOA SECA;1
PRANCHITA;1
ARAGUACU;1
BRASNORTE;1
SAO JOAO DA LAGOA;1
ELDORADO;1
ATALAIA;1
JAIBA;1
IBIAPINA;1
AIMORES;1
SAO MIGUEL DO ARAGUAIA;1
SANTA IZABEL DO OESTE;1
SAO JOAO DA URTIGA;1
TRES PONTAS;1
CASSIA;1
RIO NOVO;1
RIO DO ANTONIO;1
UNA;1
SANTA CRUZ;1
POXOREU;1
ALFREDO CHAVES;1
BARBOSA FERRAZ;1
PARANAPOEMA;1
LAGOA GRANDE;1
TEOFILANDIA;1
MENDONCA;1
TAVARES;1
SANTA ISABEL DO PARA;1
PROPRIA;1
ESTACAO;1
FELIXLANDIA;1
UBIRAJARA;1
ALVORADA D'OESTE;1
CAPAO DO CIPO;1
MUCAJAI;1
SAO JOAO EVANGELISTA;1
TAMARANA;1
SAO GONCALO DO SAPUCAI;1
CAJOBI;1
POCONE;1
ARAL MOREIRA;1
PORTO BARREIRO;1
TUPANATINGA;1
PIRAUBA;1
TORRINHA;1
JAGUARUNA;1
RUY BARBOSA;1
LARANJAL;1
NOVA CANDELARIA;1
TUPANCI DO SUL;1
IPABA;1
BALNEARIO ARROIO DO SILVA;1
BARRO ALTO;1
RIO PARDO;1
CAMPINORTE;1
PRIMEIRO DE MAIO;1
FORQUILHA;1
MACEDONIA;1
RIFAINA;1
SUZANAPOLIS;1
FELISBURGO;1
BURITIZEIRO;1
PARELHAS;1
ALPERCATA;1
CARMO DO CAJURU;1
IPANEMA;1
IRINEOPOLIS;1
ITINGA DO MARANHAO;1
GUAPIRAMA;1
POCAO;1
ARAGUATINS;1
NOVA BRESCIA;1
JURUAIA;1
ENGENHEIRO CALDAS;1
IAPU;1
PERDIGAO;1
BOA VISTA DA APARECIDA;1
SEGREDO;1
TAPIRA;1
SAO JOAO DO IVAI;1
ALTO PARANA;1
CONGONHAL;1
LUPIONOPOLIS;1
ACAIACA;1
TAIUVA;1
SINIMBU;1
MARIPA;1
PETROLINA DE GOIAS;1
SERITINGA;1
TAQUARAL DE GOIAS;1
MOSTARDAS;1
ARROIO DO MEIO;1
ARARENDA;1
PRACINHA;1
RONDINHA;1
TACURU;1
LAURENTINO;1
SAO FRANCISCO DO GLORIA;1
GUAICARA;1
REDENTORA;1
PARAISO DAS AGUAS;1
ALTO PARAISO DE GOIAS;1
PINHEIRO;1
ABADIA DOS DOURADOS;1
AUTAZES;1
PANCAS;1
COARACI;1
ANTONIO PRADO;1
TOCANTINS;1
PORTO ACRE;1
PEQUI;1
NOVA VICOSA;1
IBIAI;1
SAO MIGUEL DOS MILAGRES;1
ALTO ARAGUAIA;1
SANTA BARBARA DO LESTE;1
OROBO;1
PIQUETE;1
CORREGO FUNDO;1
PALMEIRA D'OESTE;1
DORES DE CAMPOS;1
ARIRANHA;1
PENHA;1
SUD MENNUCCI;1
PEDRANOPOLIS;1
ARACUAI;1
OLIMPIO NORONHA;1
SANTA CRUZ CABRALIA;1
IRARA;1
PORTO DO MANGUE;1
BRASILANDIA DE MINAS;1
IPUEIRAS;1
SAO JOSE DA COROA GRANDE;1
MIRADOURO;1
MAJOR VIEIRA;1
SAO SEBASTIAO DA AMOREIRA;1
FIRMINOPOLIS;1
MANGARATIBA;1
GUARANTA;1
MONTEIRO;1
ICONHA;1
PASSOS MAIA;1
ATILIO VIVACQUA;1
SANTO EXPEDITO;1
BOM JESUS DO OESTE;1
RAFARD;1
MOREIRA SALES;1
BATALHA;1
PINHAL GRANDE;1
LAMBARI;1
RIO LARGO;1
SAPEACU;1
WENCESLAU BRAZ;1
APUI;1
ALTO HORIZONTE;1
TIJUCAS;1
IBIRACU;1
BENJAMIN CONSTANT;1
COMBINADO;1
SERRANOPOLIS;1
GOVERNADOR LINDENBERG;1
FERVEDOURO;1
PLATINA;1
JORDANIA;1
ALTO RIO DOCE;1
PONGAI;1
GAMELEIRA DE GOIAS;1
BOCAIUVA DO SUL;1
ANTONIO JOAO;1
PINTO BANDEIRA;1
ESPERANCA;1
DENISE;1
TUCUMA;1
CONCEICAO DE IPANEMA;1
GUAMIRANGA;1
TOCANTINOPOLIS;1
ZE DOCA;1
ASPASIA;1
JARDIM ALEGRE;1
JAGUARAO;1
NOVA EUROPA;1
CHAVANTES;1
SERRA ALTA;1
AGUDO;1
SANTA VITORIA DO PALMAR;1
SANTA ROSA DO SUL;1
DIVINESIA;1
SANTANA DA PONTE PENSA;1
BARRA DO RIBEIRO;1
RODRIGUES ALVES;1
BURI;1
TIJUCAS DO SUL;1
MACHADOS;1
ITAUEIRA;1
ITAJUIPE;1
PALMEIRAS DO TOCANTINS;1
CORUPA;1
UBAJARA;1
URU;1
GRAVATAL;1
PRESIDENTE CASTELO BRANCO;1
SEBASTIAO LARANJEIRAS;1
BELEM DE SAO FRANCISCO;1
TARUMIRIM;1
ITIRAPINA;1
JOAO RAMALHO;1
TAGUAI;1
ARRAIAS;1
DOM PEDRO;1
IBARAMA;1
CEDRO;1
SAO CRISTOVAO;1
BOQUEIRAO DO LEAO;1
DIANOPOLIS;1
SALINOPOLIS;1
TUPASSI;1
MINEIROS DO TIETE;1
PORTO DOS GAUCHOS;1
CAMPO NOVO DE RONDONIA;1
MORENO;1
JAQUEIRA;1
SAO BENTO DO UNA;1
IGARATINGA;1
IVATE;1
CAPITAO POCO;1
SITIO DO QUINTO;1
NOVO TIRADENTES;1
CONFINS;1
POCO VERDE;1
CANDEIAS DO JAMARI;1
TEOTONIO VILELA;1
SAO CRISTOVAO DO SUL;1
NOVA MAMORE;1
PILAR;1
SANTO ANTONIO DO GRAMA;1
MARUIM;1
TORITAMA;1
PINHALAO;1
TAQUARANA;1
ALTO TAQUARI;1
IBITIRAMA;1
PARANAPANEMA;1
POTIRAGUA;1
IGUABA GRANDE;1
MUTUM;1
TIMBE DO SUL;1
CAMPINA DA LAGOA;1
AMORINOPOLIS;1
PE DE SERRA;1
PRESIDENTE TANCREDO NEVES;1
ITAPERUCU;1
IBICARAI;1
ZORTEA;1
MATIAS BARBOSA;1
CANELINHA;1
LUZILANDIA;1
DEMERVAL LOBAO;1
INDIARA;1
BANZAE;1
IGUAPE;1
VILA PAVAO;1
RIO DAS PEDRAS;1
ITAGIMIRIM;1
LUIZIANIA;1
PARAISO;1
PEROLA;1
CACULE;1
PIATA;1
IRANDUBA;1
ITARARE;1
CANDIDO SALES;1
PACATUBA;1
SANTA MARIANA;1
RIO REAL;1
NOVO ORIENTE;1
SAO SEBASTIAO DO RIO VERDE;1
BRASILIA DE MINAS;1
NOVA PRATA DO IGUACU;1
INDIAPORA;1
DIVINOPOLIS DO TOCANTINS;1
XANGRI-LA;1
TURIUBA;1
VARGEM;1
MIRACEMA;1
GUAIMBE;1
LARANJAL DO JARI;1
