Nome,Qtd empresas,Estado,Codigo
Sao Paulo,8488,SP,355030
Rio De Janeiro,1948,RJ,330455
Brasilia,1881,DF,530010
Curitiba,1641,PR,410690
Belo Horizonte,1051,MG,310620
Porto Alegre,987,RS,431490
Salvador,829,BA,292740
Campinas,645,SP,350950
Fortaleza,599,CE,230440
Recife,570,PE,261160
Ribeirao Preto,549,SP,354340
Santo Andre,496,SP,354780
Goiania,458,GO,520870
Cuiaba,447,MT,510340
Guarulhos,422,SP,351880
Sao Bernardo Do Campo,412,SP,354870
Florianopolis,403,SC,420540
Sorocaba,370,SP,355220
Sao Jose Dos Campos,312,SP,354990
Vitoria,307,ES,320530
Niteroi,292,RJ,330330
Sao Luis,287,MA,211130
Maringa,279,PR,411520
Teresina,276,PI,221100
Osasco,274,SP,353440
Uberlandia,262,MG,317020
Londrina,259,PR,411370
Manaus,241,AM,130260
Santos,238,SP,354850
Joao Pessoa,237,PB,250750
Mogi Das Cruzes,236,SP,353060
Jundiai,235,SP,352590
Natal,234,RN,240810
Campo Grande,227,MS,500270
Barueri,211,SP,350570
Aracaju,197,SE,280030
Sao Jose Do Rio Preto,170,SP,354980
Ponta Grossa,166,PR,411990
Sao Caetano Do Sul,163,SP,354880
Vila Velha,161,ES,320520
Maceio,158,AL,270430
Feira De Santana,150,BA,291080
Cascavel,147,PR,410480
Serra,132,ES,320500
Joinville,130,SC,420910
Belem,128,PA,150140
Bauru,124,SP,350600
Juiz De Fora,124,MG,313670
Lauro De Freitas,112,BA,291920
Maua,109,SP,352940
Suzano,103,SP,355250
Sao Carlos,101,SP,354890
Palmas,101,TO,172100
Rondonopolis,101,MT,510760
Montes Claros,101,MG,314330
Americana,101,SP,350160
Foz Do Iguacu,97,PR,410830
Presidente Prudente,97,SP,354140
Cotia,96,SP,351300
Ipatinga,96,MG,313130
Caxias Do Sul,95,RS,430510
Atibaia,94,SP,350410
Diadema,91,SP,351380
Canoas,89,RS,430460
Chapeco,87,SC,420420
Braganca Paulista,86,SP,350760
Sao Jose Dos Pinhais,86,PR,412550
Piracicaba,85,SP,353870
Sao Jose,85,SC,421660
Contagem,84,MG,311860
Taboao Da Serra,84,SP,355280
Blumenau,83,SC,420240
Taubate,82,SP,355410
Limeira,82,SP,352690
Marilia,82,SP,352900
Indaiatuba,81,SP,352050
Porto Velho,80,RO,110020
Petrolina,80,PE,261110
Itajai,79,SC,420820
Franca,78,SP,351620
Jacarei,78,SP,352440
Uberaba,77,MG,317010
Novo Hamburgo,76,RS,431340
Pocos De Caldas,76,MG,315180
Itabuna,76,BA,291480
Cariacica,76,ES,320130
Assis,75,SP,350400
Araraquara,73,SP,350320
Campina Grande,73,PB,250400
Nova Iguacu,70,RJ,330350
Aracatuba,69,SP,350280
Praia Grande,68,SP,354100
Valinhos,66,SP,355620
Dourados,66,MS,500370
Varzea Grande,66,MT,510840
Vitoria Da Conquista,65,BA,293330
Sao Goncalo,63,RJ,330490
Macapa,63,AP,160030
Boa Vista,63,RR,140010
Duque De Caxias,62,RJ,330170
Criciuma,62,SC,420460
Rio Branco,62,AC,120040
Passo Fundo,61,RS,431410
Itajuba,61,MG,313240
Anapolis,60,GO,520110
Pelotas,59,RS,431440
Mossoro,58,RN,240800
Rio Claro,58,SP,354390
Fernandopolis,58,SP,351550
Jaboatao Dos Guararapes,57,PE,260790
Santana De Parnaiba,57,SP,354730
Olinda,57,PE,260960
Petropolis,56,RJ,330390
Toledo,56,PR,412770
Guarapuava,55,PR,410940
Campos Dos Goytacazes,53,RJ,330100
Balneario Camboriu,53,SC,420200
Sertaozinho,53,SP,355170
Carapicuiba,53,SP,351060
Volta Redonda,52,RJ,330630
Ourinhos,52,SP,353470
Caruaru,52,PE,260410
Divinopolis,52,MG,312230
Palhoca,51,SC,421190
Sumare,51,SP,355240
Governador Valadares,49,MG,312770
Sinop,49,MT,510790
Catanduva,47,SP,351110
Jaragua Do Sul,47,SC,420890
Catalao,47,GO,520510
Francisco Beltrao,47,PR,410840
Apucarana,47,PR,410140
Guaratingueta,46,SP,351840
Erechim,46,RS,430700
Campo Mourao,46,PR,410430
Santa Maria,46,RS,431690
Lavras,45,MG,313820
Itaquaquecetuba,45,SP,352310
Betim,45,MG,310670
Sao Leopoldo,44,RS,431870
Lages,44,SC,420930
Lins,44,SP,352710
Macae,44,RJ,330240
Umuarama,43,PR,412810
Andradina,42,SP,350210
Itu,42,SP,352390
Vinhedo,42,SP,355670
Mococa,41,SP,353050
Guaruja,41,SP,351870
Conselheiro Lafaiete,40,MG,311830
Vicosa,39,MG,317130
Sorriso,38,MT,510792
Rio Grande,38,RS,431560
Nova Friburgo,37,RJ,330340
Ilha Solteira,37,SP,352044
Aparecida De Goiania,37,GO,520140
Botucatu,37,SP,350750
Varginha,37,MG,317070
Sete Lagoas,37,MG,316720
Tupa,36,SP,355500
Pouso Alegre,35,MG,315250
Parnamirim,35,RN,240325
Paulinia,35,SP,353650
Mogi-Guacu,35,SP,
Sao Vicente,35,SP,355100
Resende,34,RJ,330420
Patos De Minas,34,MG,314800
Sao Jose Do Rio Pardo,34,SP,354970
Rio Verde,34,GO,521880
Primavera Do Leste,33,MT,510704
Araucaria,33,PR,410180
Cianorte,33,PR,410550
Paranavai,32,PR,411840
Arapongas,32,PR,410150
Sao Roque,32,SP,355060
Cruzeiro,32,SP,351340
Sao Joaquim Da Barra,32,SP,354940
Gravatai,32,RS,430920
Juazeiro Do Norte,32,CE,230730
Juazeiro,32,BA,291840
Cachoeiro De Itapemirim,31,ES,320120
Santa Barbara D'Oeste,31,SP,354580
Santarem,31,PA,150680
Hortolandia,31,SP,351907
Tubarao,30,SC,421870
Cachoeira Do Sul,30,RS,430300
Itapevi,30,SP,352250
Adamantina,30,SP,350010
Sao Joao Da Boa Vista,29,SP,354910
Embu Das Artes,29,SP,351500
Poa,29,SP,353980
Pato Branco,29,PR,411850
Ferraz De Vasconcelos,28,SP,351570
Orlandia,28,SP,353430
Cachoeirinha,28,RS,430310
Votuporanga,28,SP,355710
Caratinga,28,MG,311340
Aracruz,28,ES,320060
Itapetininga,28,SP,352230
Araguaina,27,TO,170210
Rio Do Sul,27,SC,421480
Teresopolis,27,RJ,330580
Imperatriz,27,MA,210530
Tatui,27,SP,355400
Passos,27,MG,314790
Bebedouro,27,SP,350610
Camacari,27,BA,290570
Caceres,27,MT,510250
Cubatao,26,SP,351350
Jaguariuna,26,SP,352470
Itatiba,26,SP,352340
Sao Joao De Meriti,26,RJ,330510
Ituiutaba,26,MG,313420
Salto,26,SP,354520
Camaqua,25,RS,430350
Tramandai,25,RS,432160
Patos,25,PB,251080
Araras,25,SP,350330
Ji-Parana,25,RO,110012
Teixeira De Freitas,25,BA,293135
Lajeado,24,RS,431140
Barra Do Garcas,24,MT,510180
Tres Lagoas,24,MS,500830
Jequie,24,BA,291800
Mogi Mirim,24,SP,353080
Itapeva,24,SP,352240
Ibiruba,24,RS,431000
Santa Rosa,24,RS,431720
Tres De Maio,24,RS,432180
Santo Antonio De Jesus,24,BA,292870
Itabira,24,MG,313170
Pompeia,24,SP,354000
Amparo,23,SP,350190
Aruja,23,SP,350390
Pindamonhangaba,23,SP,353800
Rio Das Ostras,23,RJ,330452
Jatai,23,GO,521190
Itapema,23,SC,420830
Colatina,23,ES,320150
Medianeira,23,PR,411580
Ribeirao Pires,23,SP,354330
Muriae,22,MG,314390
Votorantim,22,SP,355700
Brusque,22,SC,420290
Tangara Da Serra,22,MT,510795
Biguacu,22,SC,420230
Linhares,22,ES,320320
Itumbiara,22,GO,521150
Joao Monlevade,22,MG,313620
Birigui,22,SP,350650
Brumado,22,BA,290460
Araguari,22,MG,310350
Monte Alto,22,SP,353130
Cornelio Procopio,21,PR,410640
Vilhena,21,RO,110030
Capivari,21,SP,351040
Timoteo,21,MG,316870
Telemaco Borba,21,PR,412710
Santa Luzia,21,MG,315780
Nova Lima,21,MG,314480
Jales,21,SP,352480
Patrocinio,21,MG,314810
Belford Roxo,21,RJ,330045
Arapiraca,21,AL,270030
Sao Joao Del Rei,21,MG,316250
Jandira,20,SP,352500
Lucas Do Rio Verde,20,MT,510525
Dracena,20,SP,351440
Paranagua,20,PR,411820
Itapecerica Da Serra,20,SP,352220
Eunapolis,20,BA,291072
Nilopolis,20,RJ,330320
Iturama,20,MG,313440
Araxa,20,MG,310400
Cabo Frio,20,RJ,330070
Uba,20,MG,316990
Ilheus,20,BA,291360
Itaborai,20,RJ,330190
Colombo,20,PR,410580
Campo Largo,19,PR,410420
Cajamar,19,SP,350920
Ijui,19,RS,431020
Santa Fe Do Sul,19,SP,354660
Serafina Correa,19,RS,432040
Paulista,19,PE,261070
Gurupi,19,TO,170950
Sao Sebastiao Do Paraiso,19,MG,316470
Barra Mansa,19,RJ,330040
Mineiros,19,GO,521310
Alfenas,19,MG,310160
Ceres,19,GO,520540
Sarandi,19,PR,412625
Concordia,19,SC,420430
Manhuacu,19,MG,313940
Teofilo Otoni,19,MG,316860
Pinhais,19,PR,411915
Garanhuns,19,PE,260600
Jaboticabal,18,SP,352430
Guanambi,18,BA,291170
Ananindeua,18,PA,150080
Itupeva,18,SP,352400
Uniao Da Vitoria,18,PR,412820
Matao,18,SP,352930
Canoinhas,18,SC,420380
Pontal,18,SP,354020
Joacaba,18,SC,420900
Sao Miguel Do Oeste,18,SC,421720
Caieiras,18,SP,350900
Maraba,18,PA,150420
Alagoinhas,18,BA,290070
Paulo Afonso,18,BA,292400
Sobral,17,CE,231290
Parauapebas,17,PA,150553
Santa Cruz Do Sul,17,RS,431680
Porto Seguro,17,BA,292530
Varzea Paulista,17,SP,355650
Esteio,17,RS,430770
Luis Eduardo Magalhaes,17,BA,291955
Santa Cruz Do Rio Pardo,17,SP,354640
Frederico Westphalen,17,RS,430850
Leme,17,SP,352670
Jandaia Do Sul,17,PR,411210
Penapolis,17,SP,353730
Unai,17,MG,317040
Parnaiba,16,PI,220770
Senador Canedo,16,GO,522045
Mirassol,16,SP,353030
Crato,16,CE,230420
Barreiras,16,BA,290320
Barbacena,16,MG,310560
Sao Mateus,16,ES,320490
Coronel Fabriciano,16,MG,311940
Carpina,16,PE,260400
Cacoal,16,RO,110004
Ariquemes,16,RO,110002
Carazinho,16,RS,430470
Guarapari,16,ES,320240
Paranaiba,16,MS,500630
Ponte Nova,15,MG,315210
Barretos,15,SP,350550
Valparaiso De Goias,15,GO,522185
Jau,15,SP,352530
Curitibanos,15,SC,420480
Videira,15,SC,421930
Pirassununga,15,SP,353930
Carlos Barbosa,15,RS,430480
Jacarezinho,15,PR,411180
Vitoria De Santo Antao,15,PE,261640
Franco Da Rocha,15,SP,351640
Bento Goncalves,15,RS,430210
Marechal Candido Rondon,15,PR,411460
Santo Angelo,15,RS,431750
Araruama,15,RJ,330020
Guaxupe,15,MG,312870
Olimpia,15,SP,353390
Cacapava,15,SP,350850
Angra Dos Reis,15,RJ,330010
Marica,15,RJ,330270
Irati,15,PR,411070
Guaranta Do Norte,15,MT,510410
Mesquita,14,RJ,330285
Para De Minas,14,MG,314710
Caldas Novas,14,GO,520450
Espirito Santo Do Pinhal,14,SP,351518
Novo Horizonte,14,SP,353350
Cabo De Santo Agostinho,14,PE,260290
Senhor Do Bonfim,14,BA,293010
Alta Floresta,14,MT,510025
Taquaritinga,14,SP,355370
Mairipora,14,SP,352850
Tres Coracoes,14,MG,316930
Sapucaia Do Sul,14,RS,432000
Frutal,14,MG,312710
Caraguatatuba,14,SP,351050
Sao Bento Do Sul,14,SC,421580
Sao Pedro Da Aldeia,14,RJ,330520
Lorena,14,SP,352720
Taquara,13,RS,432120
Santo Antonio Da Platina,13,PR,412410
Guaiba,13,RS,430930
Corbelia,13,PR,410630
Garibaldi,13,RS,430860
Viamao,13,RS,432300
Ribeirao Das Neves,13,MG,315460
Goiana,13,PE,260620
Formosa,13,GO,520800
Venancio Aires,13,RS,432260
Bom Despacho,13,MG,310740
Luziania,13,GO,521250
Castilho,13,SP,351100
Itapira,13,SP,352260
Guaira,13,PR,410880
Simoes Filho,13,BA,293070
Arcoverde,13,PE,260120
Cruz Alta,13,RS,430610
Paraguacu Paulista,13,SP,353550
Lagarto,12,SE,280350
Morrinhos,12,GO,521380
Silvania,12,GO,522060
Pedreira,12,SP,353710
Colider,12,MT,510320
Mirandopolis,12,SP,353010
Ouro Branco,12,MG,314590
Marialva,12,PR,411480
Itaperuna,12,RJ,330220
Camaragibe,12,PE,260345
Mirassol D'Oeste,12,MT,510562
Descalvado,12,SP,351370
Almirante Tamandare,12,PR,410040
Paracatu,12,MG,314700
Machado,12,MG,313900
Nova Prata,12,RS,431330
Itabirito,12,MG,313190
Ubatuba,12,SP,355540
Itapaci,12,GO,521090
Itauna,11,MG,313380
Saquarema,11,RJ,330550
Itabaiana,11,SE,280290
Xanxere,11,SC,421950
Nova Mutum,11,MT,510622
Rolandia,11,PR,412240
Valenca,11,RJ,330610
Muniz Freire,11,ES,320370
Trindade,11,GO,522140
Bandeirantes,11,PR,410240
Garca,11,SP,351670
Maracanau,11,CE,230765
Ivaipora,11,PR,411150
Rubiataba,11,GO,521890
Guapore,11,RS,430940
Altamira,11,PA,150060
Lagoa Da Prata,11,MG,313720
Fazenda Rio Grande,11,PR,410765
Barrinha,11,SP,350560
Ipameri,11,GO,521010
Belo Jardim,11,PE,260170
Marau,11,RS,431180
Cordeiropolis,11,SP,351240
Irece,11,BA,291460
Jose Bonifacio,10,SP,352570
Regente Feijo,10,SP,354240
Horizontina,10,RS,430960
Porto Ferreira,10,SP,354070
Pinhalzinho,10,SC,421290
Guaratuba,10,PR,410960
Bertioga,10,SP,350635
Campo Verde,10,MT,510267
Curvelo,10,MG,312090
Osvaldo Cruz,10,SP,353460
Itanhaem,10,SP,352210
Mandaguari,10,PR,411420
Ituverava,10,SP,352410
Dois Vizinhos,10,PR,410720
Castanhal,10,PA,150240
Cataguases,10,MG,311530
Sao Sebastiao,10,SP,355070
Cruzeiro Do Sul,10,RS,430620
Registro,10,SP,354260
Camboriu,10,SC,420320
Ipua,10,SP,352130
Osorio,10,RS,431350
Caarapo,10,MS,500240
Catu,10,BA,290750
Laranjeiras Do Sul,10,PR,411330
Campo Limpo Paulista,10,SP,350960
Conceicao Do Coite,10,BA,290840
Capao Da Canoa,10,RS,430463
Montenegro,10,RS,431240
Pereira Barreto,9,SP,353740
Pitangueiras,9,SP,353950
Avare,9,SP,350450
Encantado,9,RS,430680
Bom Jesus,9,GO,
Cruz Das Almas,9,BA,290980
Ararangua,9,SC,420140
Goianesia,9,GO,520860
Sao Francisco Do Sul,9,SC,421620
Corumba,9,MS,500320
Batatais,9,SP,350590
Navegantes,9,SC,421130
Mariana,9,MG,314000
Palmeira Das Missoes,9,RS,431370
Uruguaiana,9,RS,432240
Bage,9,RS,430160
Itaberaba,9,BA,291470
Barra Do Bugres,9,MT,510170
Francisco Morato,9,SP,351630
Caxias,9,MA,210300
Arcos,9,MG,310420
Peruibe,9,SP,353760
Rio Negro,9,PR,412230
Sao Sebastiao Do Cai,9,RS,431950
Santo Anastacio,9,SP,354770
Porto Uniao,9,SC,421360
Porto Feliz,9,SP,354060
Engenheiro Coelho,9,SP,351515
Vargem Grande Paulista,9,SP,355645
Campos Novos,9,SC,420360
Formiga,9,MG,312610
Boituva,9,SP,350700
Maracas,9,BA,292050
Lagoa Santa,9,MG,313760
Boa Vista Do Burica,9,RS,430220
Serra Negra,9,SP,355160
Sapiranga,9,RS,431990
Limoeiro,9,PE,260890
Vespasiano,8,MG,317120
Barao De Cocais,8,MG,310540
Paco Do Lumiar,8,MA,210750
Maravilha,8,SC,421050
Sao Pedro,8,SP,355040
Santa Rita Do Passa Quatro,8,SP,354750
Sonora,8,MS,500793
Sapezal,8,MT,510787
Tapes,8,RS,432110
Queimados,8,RJ,330414
Santo Estevao,8,BA,292880
Ituporanga,8,SC,420850
Imbituba,8,SC,420730
Jacobina,8,BA,291750
Vera Cruz,8,SP,355660
Inhumas,8,GO,521000
Morro Agudo,8,SP,353190
Fraiburgo,8,SC,420550
Jaru,8,RO,110011
Casa Branca,8,SP,351080
Santo Cristo,8,RS,431790
Visconde Do Rio Branco,8,MG,317200
Icara,8,SC,420700
Palmeira Dos Indios,8,AL,270630
Marataizes,8,ES,320332
Timon,8,MA,211220
Quedas Do Iguacu,8,PR,412090
Candido Mota,8,SP,351000
Nova Venecia,8,ES,320390
Monte Azul Paulista,8,SP,353150
Estancia,8,SE,280210
Valparaiso,8,SP,355630
Pitanga,8,PR,411960
Botelhos,8,MG,310840
Serra Talhada,8,PE,261390
Porto Nacional,8,TO,171820
Janauba,8,MG,313510
Jaguarari,8,BA,291770
Tapejara,8,RS,432090
Guacui,8,ES,320230
Capinzal,8,SC,420390
Presidente Venceslau,8,SP,354150
Urupes,8,SP,355600
Ipora,8,GO,521020
Sousa,8,PB,251620
Indaial,8,SC,420750
Niquelandia,8,GO,521460
Coromandel,8,MG,311930
Cambara,8,PR,410360
Mairi,8,BA,292010
Santiago,8,RS,431740
Pirajui,8,SP,353890
Embu-Guacu,8,SP,351510
Santana Do Paraiso,8,MG,315895
Igarassu,8,PE,260680
Sao Luis De Montes Belos,8,GO,522010
Gravata,8,PE,260640
Itaituba,7,PA,150360
Goiatuba,7,GO,520910
Santa Isabel,7,SP,354680
Piraju,7,SP,353880
Floriano,7,PI,220390
Cacador,7,SC,420300
Ibipora,7,PR,410980
Ibate,7,SP,351930
Goioere,7,PR,410860
Ipiau,7,BA,291390
Mafra,7,SC,421010
Caucaia,7,CE,230370
Sao Lourenco Do Oeste,7,SC,421690
Bela Vista De Goias,7,GO,520330
Tiete,7,SP,355450
Sao Lourenco,7,MG,316370
Barra De Sao Francisco,7,ES,320090
Caconde,7,SP,350870
Buritama,7,SP,350810
Alvorada,7,RS,430060
Ilhabela,7,SP,352040
Palmital,7,PR,411780
Conceicao Da Feira,7,BA,290820
Sao Sebastiao Do Passe,7,BA,292950
Campo Novo Do Parecis,7,MT,510263
Manoel Ribas,7,PR,411450
Cosmopolis,7,SP,351280
Iguatu,7,PR,411005
Canaa Dos Carajas,7,PA,150215
Aguas Lindas De Goias,7,GO,520025
Ubirata,7,PR,412800
Altonia,7,PR,410050
Humaita,7,AM,130170
Santo Antonio De Posse,7,SP,354800
Sabara,7,MG,315670
Sao Jose Dos Quatro Marcos,7,MT,510710
Andradas,7,MG,310260
Getulio Vargas,7,RS,430890
Natividade,7,RJ,330310
Rio Negrinho,7,SC,421500
Pimenta Bueno,7,RO,110018
Tremembe,7,SP,355480
Dias D'Avila,7,BA,291005
Sao Jose De Ribamar,7,MA,211120
Caico,7,RN,240200
Auriflama,7,SP,350420
Vacaria,7,RS,432250
Confresa,7,MT,510335
Rialma,7,GO,521860
Balsas,7,MA,210140
Santa Maria De Itabira,7,MG,315800
Ibirite,7,MG,312980
Crateus,7,CE,230410
Assis Chateaubriand,7,PR,410200
Monte Santo De Minas,7,MG,314320
Cassilandia,7,MS,500290
Lencois Paulista,7,SP,352680
Timbauba,7,PE,261530
Artur Nogueira,7,SP,350380
Quata,7,SP,354170
Navirai,7,MS,500570
Capao Bonito,7,SP,351020
Rolim De Moura,7,RO,110028
Planaltina,7,GO,521760
Pojuca,7,BA,292520
Ponta Pora,7,MS,500660
Socorro,7,SP,355210
Rancharia,7,SP,354220
Potirendaba,7,SP,354080
Picos,7,PI,220800
Cajazeiras,7,PB,250370
Cambe,7,PR,410370
Cravinhos,6,SP,351310
Nova Andradina,6,MS,500620
Mucuri,6,BA,292200
Timbo,6,SC,421820
Sobradinho,6,RS,432070
Mara Rosa,6,GO,521280
Bonito,6,PE,260230
Igarapava,6,SP,352010
Iuna,6,ES,320300
Acailandia,6,MA,210005
Santo Antonio De Goias,6,GO,521973
Camocim,6,CE,230260
Iguatemi,6,MS,500430
Santa Ines,6,MA,210990
Jardinopolis,6,SP,352510
Cerquilho,6,SP,351150
Juara,6,MT,510510
Alvinopolis,6,MG,310230
Cajuru,6,SP,350940
Barracao,6,PR,410260
Capim Grosso,6,BA,290687
Mongagua,6,SP,353110
Quixada,6,CE,231130
Carangola,6,MG,311330
Pedro Leopoldo,6,MG,314930
Minacu,6,GO,521308
Sao Joao D'Alianca,6,GO,522000
Carandai,6,MG,311320
Morungaba,6,SP,353200
Lucelia,6,SP,352740
Paicandu,6,PR,411750
Laranjal Paulista,6,SP,352640
Congonhas,6,MG,311800
Santa Barbara,6,MG,315720
Nova Olimpia,6,MT,510623
Piraquara,6,PR,411950
Ouro Fino,6,MG,314600
Tarauaca,6,AC,120060
Independencia,6,RS,431040
Serrana,6,SP,355150
Santo Amaro,6,BA,292860
Junqueiropolis,6,SP,352600
Conceicao Do Mato Dentro,6,MG,311750
Sao Jose Do Ouro,6,RS,431860
Anchieta,6,ES,320040
Capanema,6,PA,150220
Braco Do Norte,6,SC,420280
Sao Borja,6,RS,431800
Campo Maior,6,PI,220220
Santana Do Livramento,6,RS,
Campina Verde,6,MG,311110
Nao-Me-Toque,6,RS,431265
Brodowski,6,SP,350780
Terra Boa,6,PR,412720
Itapuranga,6,GO,521120
Jaborandi,6,SP,352420
Panambi,6,RS,431390
Balneario De Picarras,6,SC,
Neropolis,6,GO,521450
Cabreuva,6,SP,350840
Palmares,6,PE,261000
General Salgado,6,SP,351690
Campina Grande Do Sul,6,PR,410400
Tres Passos,6,RS,432190
Viana,6,ES,320510
Arapoti,6,PR,410160
Ouro Preto Do Oeste,6,RO,110015
Ipaussu,6,SP,352090
Diamantina,6,MG,312160
Mairinque,6,SP,352840
Maranguape,6,CE,230770
Farroupilha,6,RS,430790
Serra Do Salitre,6,MG,316680
Guararema,6,SP,351830
Laguna,6,SC,420940
Monte Mor,6,SP,353180
Surubim,6,PE,261450
Palotina,6,PR,411790
Itapetinga,6,BA,291640
Juina,5,MT,510515
Santa Teresa,5,ES,320460
Japeri,5,RJ,330227
Pederneiras,5,SP,353670
Alegrete,5,RS,430040
Iracemapolis,5,SP,352140
Colorado,5,PR,410590
Ivinhema,5,MS,500470
Sao Marcos,5,RS,431900
Jaguaquara,5,BA,291760
Guariba,5,SP,351860
Ita,5,SC,420800
Ibia,5,MG,312950
Nova Odessa,5,SP,353340
Ilicinea,5,MG,313050
Taquari,5,RS,432130
Campos Do Jordao,5,SP,350970
Maracaju,5,MS,500540
Fatima,5,BA,291075
Cachoeira,5,BA,290490
Canela,5,RS,430440
Canarana,5,MT,510270
Paraguacu,5,MG,314720
Alexania,5,GO,520030
Matelandia,5,PR,411560
Porto Real,5,RJ,330411
Tres Marias,5,MG,316935
Paranacity,5,PR,411810
Macaubas,5,BA,291980
Conceicao Do Castelo,5,ES,320170
Costa Rica,5,MS,500325
Comodoro,5,MT,510330
Aparecida,5,SP,350250
Fenix,5,PR,410770
Alegre,5,ES,320020
Igrejinha,5,RS,431010
Sananduva,5,RS,431660
Santa Cruz Do Capibaribe,5,PE,261250
Cidade Ocidental,5,GO,520549
Veranopolis,5,RS,432280
Pradopolis,5,SP,354090
Cafelandia,5,SP,350880
Cristalina,5,GO,520620
Cordeiro,5,RJ,330150
Uchoa,5,SP,355560
Livramento De Nossa Senhora,5,BA,291950
Fatima Do Sul,5,MS,500380
Rio Bonito,5,RJ,330430
Tupi Paulista,5,SP,355510
Guara,5,SP,351770
Quatro Barras,5,PR,412080
Realeza,5,PR,412140
Rafael Jambeiro,5,BA,292595
Itau De Minas,5,MG,313375
Louveira,5,SP,352730
Santana,5,BA,292820
Juatuba,5,MG,313665
Serrinha,5,BA,293050
Sao Raimundo Nonato,5,PI,221060
Currais Novos,5,RN,240310
Crixas,5,GO,520640
Alem Paraiba,5,MG,310150
Itaguaru,5,GO,521060
Igarata,5,SP,352020
Barra Velha,5,SC,420210
Agua Boa,5,MT,510020
Matupa,5,MT,510560
Lobato,5,PR,411360
Araripina,5,PE,260110
Pirapora,5,MG,315120
Mandaguacu,5,PR,411410
Panorama,5,SP,353540
Cerro Grande Do Sul,5,RS,430517
Oliveira Dos Brejinhos,5,BA,292320
Conceicao Do Jacuipe,5,BA,290850
Cachoeira Paulista,5,SP,350860
Salinas,5,MG,315700
Areado,5,MG,310430
Nova Serrana,5,MG,314520
Araputanga,5,MT,510125
Miguel Pereira,5,RJ,330290
Ribas Do Rio Pardo,5,MS,500710
Urania,5,SP,355580
Monte Aprazivel,5,SP,353140
Campo Belo,5,MG,311120
Heliopolis,5,BA,291185
Ibitinga,5,SP,351960
Portao,5,RS,431480
Pau Dos Ferros,5,RN,240940
Cruzeiro Do Oeste,5,PR,410660
Venda Nova Do Imigrante,5,ES,320506
Lagoa Vermelha,5,RS,431130
Aparecida Do Taboado,5,MS,500100
Taruma,5,SP,355395
Jaciara,5,MT,510480
Alegria,5,RS,430045
Faxinal Dos Guedes,5,SC,420530
Cachoeiras De Macacu,5,RJ,330080
Santa Rita Do Sapucai,5,MG,315960
Itaberai,5,GO,521040
Teutonia,5,RS,432145
Bacabal,5,MA,210120
Aguai,5,SP,350030
Campo Bom,5,RS,430390
Itaguai,5,RJ,330200
Mozarlandia,5,GO,521400
Sao Luiz Gonzaga,5,RS,431890
Abaetetuba,5,PA,150010
Espumoso,5,RS,430750
Tapurah,5,MT,510800
Porangatu,5,GO,521800
Sao Goncalo Do Amarante,5,RN,241200
Tiangua,5,CE,231340
Tres Rios,5,RJ,330600
Pirapozinho,4,SP,353920
Divino,4,MG,312200
Sao Fidelis,4,RJ,330480
Chopinzinho,4,PR,410540
Valenca Do Piaui,4,PI,221130
Orindiuva,4,SP,353420
Pedra Preta,4,MT,510637
Exterior,4,EX,
Piuma,4,ES,320420
Vargem Grande Do Sul,4,SP,355640
Nova Xavantina,4,MT,510625
Ivoti,4,RS,431080
Nova Veneza,4,GO,521500
Santa Rosa De Viterbo,4,SP,354760
Santaluz,4,BA,292800
Altinopolis,4,SP,350100
Turvo,4,SC,421880
Diamantino,4,MT,510350
Douradina,4,PR,410725
Vassouras,4,RJ,330620
Alvinlandia,4,SP,350150
Russas,4,CE,231180
Rio Casca,4,MG,315490
Aragarcas,4,GO,520170
Mata De Sao Joao,4,BA,292100
Mage,4,RJ,330250
Mundo Novo,4,MS,500568
Clevelandia,4,PR,410570
Muritiba,4,BA,292230
Conceicao Das Alagoas,4,MG,311730
Barra Do Choca,4,BA,290290
Rio Pardo De Minas,4,MG,315560
Porto Belo,4,SC,421350
Nova Crixas,4,GO,521483
Januaria,4,MG,313520
Paraty,4,RJ,330380
Urai,4,PR,412840
Boa Esperanca,4,PR,410300
Martinopolis,4,SP,352920
Pires Do Rio,4,GO,521740
Lupercio,4,SP,352780
Marilandia Do Sul,4,PR,411490
Alto Piquiri,4,PR,410070
Ciriaco,4,RS,430550
Xaxim,4,SC,421970
Goias,4,GO,520890
Bariri,4,SP,350520
Dois Irmaos,4,RS,430640
Itacoatiara,4,AM,130190
Estrela Do Norte,4,GO,520750
Peixoto De Azevedo,4,MT,510642
David Canabarro,4,RS,430630
Sao Manuel,4,SP,355010
Novo Itacolomi,4,PR,411729
Carlopolis,4,PR,410470
Astorga,4,PR,410210
Santa Terezinha De Itaipu,4,PR,412405
Sao Gabriel Da Palha,4,ES,320470
Cacapava Do Sul,4,RS,430280
Seara,4,SC,421750
Sales Oliveira,4,SP,354490
Santo Amaro Da Imperatriz,4,SC,421570
Piedade,4,SP,353780
Pontes E Lacerda,4,MT,510675
Reserva,4,PR,412170
Floresta,4,PR,410790
Candeias,4,BA,290650
Domingos Martins,4,ES,320190
Bezerros,4,PE,260190
Gramado,4,RS,430910
Nova Cruz,4,RN,240830
Sao Francisco De Assis,4,RS,431810
Brotas,4,SP,350790
Bom Jesus Dos Perdoes,4,SP,350710
Buritis,4,RO,110045
Castro,4,PR,410490
Aquidauana,4,MS,500110
Jeremoabo,4,BA,291810
Jussara,4,GO,521220
Limoeiro Do Norte,4,CE,230760
Dobrada,4,SP,351400
Ipiranga Do Norte,4,MT,510452
Claudia,4,MT,510305
Ribeirao Bonito,4,SP,354290
Dourado,4,SP,351430
Ibiuna,4,SP,351970
Itaquirai,4,MS,500460
Teodoro Sampaio,4,SP,355430
Bom Jardim,4,RJ,330050
Pirangi,4,SP,353900
Guarabira,4,PB,250630
Itapejara D'Oeste,4,PR,411120
Trombudo Central,4,SC,421860
Eusebio,4,CE,230428
Cedral,4,SP,351130
Esperantina,4,PI,220370
Belo Oriente,4,MG,310630
Campos Gerais,4,MG,311160
Cabo Verde,4,MG,310950
Monte Siao,4,MG,314340
Cajati,4,SP,350925
Nova Esperanca,4,PR,411690
Campina Das Missoes,4,RS,430370
Redencao,4,PA,150613
Biritiba-Mirim,4,SP,350660
Rio Branco Do Sul,4,PR,412220
Santa Rita,4,PB,251370
Arenapolis,4,MT,510130
Nova Ubirata,4,MT,510624
Brejo Santo,4,CE,230250
Sao Jose Do Rio Claro,4,MT,510730
Sao Mateus Do Sul,4,PR,412560
Jarinu,4,SP,352520
Santa Fe,4,PR,412340
Paraiso Do Tocantins,4,TO,171610
Extrema,4,MG,312510
Santa Helena,4,PR,412350
Escada,4,PE,260520
Barcarena,4,PA,150130
Carambei,4,PR,410465
Parobe,4,RS,431405
Coronel Freitas,4,SC,420440
Barra Do Pirai,4,RJ,330030
Itapipoca,4,CE,230640
Presidente Bernardes,4,MG,315310
Abreu E Lima,4,PE,260005
Salto De Pirapora,4,SP,354530
Valentim Gentil,4,SP,355610
Americo Brasiliense,4,SP,350170
Itacare,4,BA,291490
Piumhi,4,MG,315150
Vianopolis,4,GO,522200
Rondon,4,PR,412260
Madre De Deus,4,BA,291992
Santa Terezinha De Goias,3,GO,521970
Pintadas,3,BA,292465
Sao Simao,3,SP,355090
Mateus Leme,3,MG,314070
Matriz De Camaragibe,3,AL,270510
Brasilandia,3,MS,500230
Morada Nova,3,CE,230870
Castelo Do Piaui,3,PI,220260
Nanuque,3,MG,314430
Baixo Guandu,3,ES,320080
Anta Gorda,3,RS,430070
Mantenopolis,3,ES,320330
Pinhao,3,PR,411930
Deodapolis,3,MS,500345
Jaragua,3,GO,521180
Chapadinha,3,MA,210320
Charqueadas,3,RS,430535
Nova Bassano,3,RS,431290
Sao Joao Batista,3,SC,421630
Goiandira,3,GO,520850
Rio Bananal,3,ES,320435
Santo Antonio Do Monte,3,MG,316040
Queluz,3,SP,354190
Santa Helena De Goias,3,GO,521930
Mirante Do Paranapanema,3,SP,353020
Campo Do Brito,3,SE,280100
Formoso,3,GO,520810
Mandirituba,3,PR,411430
Capitao Leonidas Marques,3,PR,410460
Sanclerlandia,3,GO,521900
Santa Maria Da Vitoria,3,BA,292810
Paraopeba,3,MG,314740
Uniao Dos Palmares,3,AL,270930
Resende Costa,3,MG,315420
Harmonia,3,RS,430955
Morro Do Chapeu,3,BA,292170
Piripiri,3,PI,220840
Luz,3,MG,313880
Pesqueira,3,PE,261090
Itaja,3,GO,521080
Nova Russas,3,CE,230930
Posse,3,GO,521830
Caxambu,3,MG,311550
Brasopolis,3,MG,
Lambari D'Oeste,3,MT,510523
Afogados Da Ingazeira,3,PE,260010
Santo Augusto,3,RS,431780
Novo Gama,3,GO,521523
Vila Valerio,3,ES,320517
Piranguinho,3,MG,315100
Cocal Do Sul,3,SC,420425
Viradouro,3,SP,355680
Terezopolis De Goias,3,GO,522119
Santo Antonio Da Patrulha,3,RS,431760
Presidente Epitacio,3,SP,354130
Palmeira,3,PR,411770
Esmeraldas,3,MG,312410
Canavieiras,3,BA,290630
Pilar Do Sul,3,SP,353790
Jardim,3,MS,500500
Pedralva,3,MG,314910
Carmo,3,RJ,330120
Uruana,3,GO,522170
Granja,3,CE,230470
Nova America,3,GO,521470
Tenente Portela,3,RS,432140
Itapura,3,SP,352300
Torres,3,RS,432150
Aripuana,3,MT,510140
Inocencia,3,MS,500440
Valente,3,BA,293300
Bituruna,3,PR,410290
Sao Gabriel Do Oeste,3,MS,500769
Aguas De Lindoia,3,SP,350050
Rodeiro,3,MG,315630
Cantagalo,3,PR,410445
Palmitos,3,SC,421210
Apiai,3,SP,350270
Ibirama,3,SC,420690
Mamanguape,3,PB,250890
Ibirarema,3,SP,351950
Nova Era,3,MG,314470
Correia Pinto,3,SC,420455
Coronel Vivida,3,PR,410650
Manacapuru,3,AM,130250
Assu,3,RN,
Tucano,3,BA,293190
Itapui,3,SP,352290
Penedo,3,AL,270670
Loanda,3,PR,411350
Nova Granada,3,SP,353300
Sao Jeronimo Da Serra,3,PR,412470
Amambai,3,MS,500060
Manhumirim,3,MG,313950
Ajuricaba,3,RS,430020
Itaucu,3,GO,521140
Sao Francisco Do Conde,3,BA,292920
Colinas Do Tocantins,3,TO,170550
Sao Martinho,3,RS,431910
Sape,3,PB,251530
Maquine,3,RS,431177
Itapagipe,3,MG,313340
Agua Clara,3,MS,500020
Ibaiti,3,PR,410970
Sao Pedro Do Ivai,3,PR,412580
Abadia De Goias,3,GO,520005
Iaciara,3,GO,520990
Otacilio Costa,3,SC,421175
Marcelandia,3,MT,510558
Ribeirao Claro,3,PR,412180
Tapiratiba,3,SP,355360
Itapoa,3,SC,420845
Taio,3,SC,421780
Aguas Formosas,3,MG,310090
Monte Alegre,3,PA,150480
Estrela,3,RS,430780
Miguel Calmon,3,BA,292120
Guimarania,3,MG,312890
Vazante,3,MG,317100
Carmo Do Paranaiba,3,MG,311430
Campos Belos,3,GO,520490
Bonfinopolis De Minas,3,MG,310820
Itapemirim,3,ES,320280
Machadinho,3,RS,431170
Dois Lajeados,3,RS,430645
Coxim,3,MS,500330
Nova Alvorada Do Sul,3,MS,500600
Ferros,3,MG,312590
Miguelopolis,3,SP,352970
Bela Vista De Minas,3,MG,310600
Codo,3,MA,210330
Uaua,3,BA,293200
Bela Vista,3,MS,500210
Vera,3,MT,510850
Lajedo,3,PE,260880
Varjao De Minas,3,MG,317075
Aracati,3,CE,230110
Aurea,3,RS,430155
Alto Jequitiba,3,MG,315350
Coracao De Maria,3,BA,290890
Capela Do Alto,3,SP,351030
Cerro Largo,3,RS,430520
Tres Palmeiras,3,RS,432185
Alto Garcas,3,MT,510040
Divinolandia,3,SP,351390
Tupandi,3,RS,432225
Iacanga,3,SP,351910
Itaocara,3,RJ,330210
Teixeiras,3,MG,316850
Iepe,3,SP,351990
Alvares Machado,3,SP,350130
Ubaporanga,3,MG,317005
Jacupiranga,3,SP,352460
Itapiranga,3,SC,420840
Dionisio Cerqueira,3,SC,420500
Anastacio,3,MS,500070
Guajara-Mirim,3,RO,110010
Tucunduva,3,RS,432210
Seberi,3,RS,432020
Angelica,3,MS,500085
Florida Paulista,3,SP,351600
Jaguare,3,ES,320305
Araci,3,BA,290210
Terra Roxa,3,PR,412740
Sao Jose Da Lapa,3,MG,316295
Nuporanga,3,SP,353360
Pomerode,3,SC,421320
Rosana,3,SP,354425
Faxinal,3,PR,410760
Pirai Do Sul,3,PR,411940
Santa Adelia,3,SP,354560
Piracanjuba,3,GO,521710
Lapa,3,PR,411320
Vila Rica,3,MT,510860
Canapolis,3,MG,311180
Nova Maringa,3,MT,510890
Estancia Velha,3,RS,430760
Salvador Do Sul,3,RS,431650
Bananal,3,SP,350490
Abelardo Luz,3,SC,420010
Tabatinga,3,SP,355270
Itatiaia,3,RJ,330225
Tunapolis,3,SC,421875
Sao Miguel Do Guapore,3,RO,110032
Promissao,3,SP,354160
Sao Vendelino,3,RS,431975
Ibatiba,3,ES,320245
Maximiliano De Almeida,3,RS,431220
Boca Do Acre,3,AM,130070
Emilianopolis,3,SP,351512
Bonopolis,3,GO,520357
Sidrolandia,3,MS,500790
Jaguaribe,3,CE,230690
Palmitinho,3,RS,431380
Prudentopolis,3,PR,412060
Irani,3,SC,420780
Bayeux,3,PB,250180
Santa Cruz Das Palmeiras,3,SP,354630
Nova Alvorada,3,RS,431275
Nova Santa Rita,3,RS,431337
Capinopolis,3,MG,311260
Sao Domingos Do Sul,3,RS,431805
Goianira,3,GO,520880
Cambui,3,MG,311060
Presidente Getulio,3,SC,421400
Nova Luzitania,3,SP,353330
Ouro Preto,3,MG,314610
Planalto,3,PR,411980
Coracao De Jesus,3,MG,311880
Almenara,3,MG,310170
Sena Madureira,3,AC,120050
Rosario,3,MA,210960
Quirinopolis,3,GO,521850
Guarei,3,SP,351850
Oriximina,3,PA,150530
Parintins,3,AM,130340
Santana Do Manhuacu,3,MG,315890
Barra Do Corda,3,MA,210160
Sao Joao Dos Patos,3,MA,211110
Miracema Do Tocantins,3,TO,171320
Carneirinho,3,MG,311455
Ilha Grande,2,PI,220465
Pariquera-Acu,2,SP,353620
Macatuba,2,SP,352800
Goianinha,2,RN,240420
Jaguaruana,2,CE,230700
Simao Dias,2,SE,280710
Marata,2,RS,431179
Orizona,2,GO,521530
Correntina,2,BA,290930
Vidal Ramos,2,SC,421920
Mirabela,2,MG,314200
Rio Paranaiba,2,MG,315550
Conchas,2,SP,351230
Itatinga,2,SP,352350
Barra,2,BA,290270
Queimadas,2,BA,292580
Paulistana,2,PI,220780
Urucui,2,PI,221120
Conceicao,2,PB,250440
Poloni,2,SP,353990
Paim Filho,2,RS,431360
Areiopolis,2,SP,350360
Salto Do Jacui,2,RS,431645
Xinguara,2,PA,150840
Joao Alfredo,2,PE,260810
Mucum,2,RS,431260
Caninde,2,CE,230280
Paranatinga,2,MT,510630
Juti,2,MS,500515
Sao Joao Nepomuceno,2,MG,316290
Cana Verde,2,MG,311190
Fortaleza Dos Valos,2,RS,430845
Rorainopolis,2,RR,140047
Placido De Castro,2,AC,120038
Dois Corregos,2,SP,351410
Medeiros Neto,2,BA,292110
Barbalha,2,CE,230190
Barras,2,PI,220120
Nobres,2,MT,510590
Jaguapita,2,PR,411190
Bom Retiro Do Sul,2,RS,430240
Itatim,2,BA,291685
Astolfo Dutra,2,MG,310460
Seropedica,2,RJ,330555
Cangucu,2,RS,430450
Agudos Do Sul,2,PR,410030
Sertao Santana,2,RS,432055
Tambau,2,SP,355330
Araruna,2,PR,410170
Trajano De Moraes,2,RJ,330590
Sabinopolis,2,MG,315680
Brejetuba,2,ES,320115
California,2,PR,410350
Iretama,2,PR,411080
Querencia,2,MT,510706
Juscimeira,2,MT,510520
Sericita,2,MG,316630
Juruti,2,PA,150390
Macaiba,2,RN,240710
Sao Gotardo,2,MG,316210
Aracariguama,2,SP,350275
General Carneiro,2,PR,410850
Urandi,2,BA,293260
Carolina,2,MA,210280
Machadinho D'Oeste,2,RO,110013
Agua Branca,2,PI,220020
Espigao D'Oeste,2,RO,110009
Murutinga Do Sul,2,SP,353210
Angulo,2,PR,410115
Campestre,2,MG,311100
Rubineia,2,SP,354450
Piracuruca,2,PI,220830
Indiana,2,SP,352060
Sao Jose Da Barra,2,MG,316294
Siqueira Campos,2,PR,412660
Santo Inacio,2,PR,412450
Laranjeiras,2,SE,280360
Ipojuca,2,PE,260720
Fazenda Nova,2,GO,520760
Orleans,2,SC,421170
Sarzedo,2,MG,316553
Pedregulho,2,SP,353700
Padre Bernardo,2,GO,521560
Sao Joaquim,2,SC,421650
Conceicao Do Araguaia,2,PA,150270
Limeira Do Oeste,2,MG,313862
Lourdes,2,SP,352725
Garopaba,2,SC,420570
Guabiruba,2,SC,420630
Braganca,2,PA,150170
Poco Fundo,2,MG,315170
Sao Joao De Iracema,2,SP,354925
Cardoso,2,SP,351070
Conceicao Do Rio Verde,2,MG,311770
Ametista Do Sul,2,RS,430064
Espirito Santo,2,RN,240350
Clementina,2,SP,351190
Morada Nova De Minas,2,MG,314350
Fama,2,MG,312520
Ibira,2,SP,351940
Itanhem,2,BA,291600
Cabedelo,2,PB,250320
Guaraci,2,SP,351790
Delmiro Gouveia,2,AL,270240
Santa Cruz Do Xingu,2,MT,510774
Itobi,2,SP,352380
Modelo,2,SC,421090
Trindade Do Sul,2,RS,432195
Palmeiras De Goias,2,GO,521570
Abaete,2,MG,310020
Mercedes,2,PR,411585
Itapecuru Mirim,2,MA,210540
Cacique Doble,2,RS,430320
Camamu,2,BA,290580
Extremoz,2,RN,240360
Brumadinho,2,MG,310900
Tanabi,2,SP,355340
Santa Cecilia,2,SC,421550
Castelo,2,ES,320140
Irapua,2,SP,352150
Caraubas Do Piaui,2,PI,220253
Tabapua,2,SP,355260
Palestina,2,SP,353500
Tanquinho,2,BA,293110
Kalore,2,PR,411310
Milagres,2,BA,292130
Cidade Gaucha,2,PR,410560
Cachoeira Dourada,2,MG,310980
Corrente,2,PI,220290
Rio Pomba,2,MG,315580
Ceu Azul,2,PR,410530
Eldorado Do Sul,2,RS,430676
Campo Novo,2,RS,430400
Cosmorama,2,SP,351290
Cicero Dantas,2,BA,290780
Erval Seco,2,RS,430730
Casa Nova,2,BA,290720
Nova Petropolis,2,RS,431320
Pontalina,2,GO,521770
Monte Azul,2,MG,314290
Japura,2,PR,411240
Sao Pedro Dos Ferros,2,MG,316400
Bataguassu,2,MS,500190
Bataypora,2,MS,500200
Gaspar,2,SC,420590
Marituba,2,PA,150442
Sao Desiderio,2,BA,292890
Ladario,2,MS,500520
Brejo Da Madre De Deus,2,PE,260260
Chapadao Do Ceu,2,GO,520547
Oeiras,2,PI,220700
Prata,2,MG,315280
Pindorama,2,SP,353810
Itaguaje,2,PR,411090
Juruena,2,MT,510517
Senador Guiomard,2,AC,120045
Espera Feliz,2,MG,312420
Duartina,2,SP,351450
Sertanopolis,2,PR,412650
Campos Sales,2,CE,230270
Hidrolandia,2,GO,520970
Colniza,2,MT,510325
Itajobi,2,SP,352190
Cunha,2,SP,351360
Missal,2,PR,411605
Bom Principio,2,RS,430235
Nova Independencia,2,SP,353320
Papagaios,2,MG,314690
Edeia,2,GO,520740
Perdizes,2,MG,314980
Salto Grande,2,SP,354540
Pedro Ii,2,PI,220790
Pontalinda,2,SP,354025
Pontao,2,RS,431477
Riachao Do Jacuipe,2,BA,292630
Castro Alves,2,BA,290730
Baependi,2,MG,310490
Chapada Dos Guimaraes,2,MT,510300
Bodoquena,2,MS,500215
Simonesia,2,MG,316760
Buriti Alegre,2,GO,520390
Jaboti,2,PR,411170
Itai,2,SP,352180
Chiapetta,2,RS,430540
Bocaiuva,2,MG,310730
Leopoldina,2,MG,313840
Apore,2,GO,520150
Itaqui,2,RS,431060
Porto Esperidiao,2,MT,510682
Solanea,2,PB,251600
Sao Roque De Minas,2,MG,316430
Descanso,2,SC,420490
Casca,2,RS,430490
Tapera,2,RS,432100
Paraiso Do Norte,2,PR,411800
Gloria De Dourados,2,MS,500400
Guapimirim,2,RJ,330185
Paulo De Faria,2,SP,353660
Serro,2,MG,316710
Apodi,2,RN,240100
Santa Vitoria,2,MG,315980
Altos,2,PI,220040
Taiacu,2,SP,355310
Joao Camara,2,RN,240580
Ampere,2,PR,410100
Presidente Castello Branco,2,SC,421390
Barao De Grajau,2,MA,210150
Itamarandiba,2,MG,313250
Dumont,2,SP,351460
Taiobeiras,2,MG,316800
Ceara-Mirim,2,RN,240260
Jose De Freitas,2,PI,220550
Chapadao Do Sul,2,MS,500295
Miranda,2,MS,500560
Seabra,2,BA,292990
Tupaciguara,2,MG,316960
Caetite,2,BA,290520
Sao Francisco Do Guapore,2,RO,110149
Julio De Castilhos,2,RS,431120
Ipira,2,BA,291400
Capelinha,2,MG,311230
Porto Lucena,2,RS,431500
Catigua,2,SP,351120
Tibagi,2,PR,412750
Itapora,2,MS,500450
Sao Joao Do Caiua,2,PR,412490
Trombas,2,GO,522145
Guapo,2,GO,520920
Nossa Senhora Do Socorro,2,SE,280480
Guaramirim,2,SC,420650
Peabiru,2,PR,411880
Santa Maria Do Oeste,2,PR,412385
Paracambi,2,RJ,330360
Barroso,2,MG,310590
Conchal,2,SP,351220
Mambore,2,PR,411400
Sao Domingos Do Prata,2,MG,316100
Inhapim,2,MG,313090
Holambra,2,SP,351905
Augustinopolis,2,TO,170255
Barra Da Estiva,2,BA,290280
Armacao Dos Buzios,2,RJ,330023
Mondai,2,SC,421100
Inhacora,2,RS,431041
Andrelandia,2,MG,310280
Munhoz De Melo,2,PR,411630
Paramirim,2,BA,292360
Porto Vitoria,2,PR,412030
Nova Canaa Do Norte,2,MT,510621
Erval Grande,2,RS,430720
Caetanopolis,2,MG,310990
Pacaembu,2,SP,353490
Camutanga,2,PE,260360
Mimoso Do Sul,2,ES,320340
Santa Rita De Cassia,2,BA,292840
Feliz,2,RS,430810
Sao Ludgero,2,SC,421700
Garuva,2,SC,420580
Professor Jamil,2,GO,521839
Angatuba,2,SP,350220
Cunha Pora,2,SC,420470
Nova Brasilandia D'Oeste,2,RO,110014
Perola D'Oeste,2,PR,411900
Guaranesia,2,MG,312830
Joao Neiva,2,ES,320313
Pocoes,2,BA,292510
Candelaria,2,RS,430420
Muliterno,2,RS,431262
Macaubal,2,SP,352810
Rio Grande Da Serra,2,SP,354410
Sao Francisco De Paula,2,RS,431820
Sete Quedas,2,MS,500770
Chapada,2,RS,430530
Marcelino Ramos,2,RS,431190
Candido Godoi,2,RS,430430
Leopoldo De Bulhoes,2,GO,521230
Meleiro,2,SC,421080
Ipiranga,2,PR,411050
Ico,2,CE,230540
Arambare,2,RS,430085
Taquarituba,2,SP,355380
Epitaciolandia,2,AC,120025
Monsenhor Paulo,2,MG,314260
Morro Redondo,2,RS,431245
Iacu,2,BA,291190
Nioaque,2,MS,500580
Miranorte,2,TO,171330
Santo Antonio Das Missoes,2,RS,431770
Riacho De Santana,2,BA,292640
Feliz Natal,2,MT,510370
Salgueiro,2,PE,261220
Guarai,2,TO,170930
Borborema,2,SP,350740
Santa Tereza Do Oeste,2,PR,412402
Sao Francisco,2,MG,316110
Bicas,2,MG,310690
Camapua,2,MS,500260
Ribeirao,2,PE,261180
Barao,2,RS,430165
Igaracu Do Tiete,2,SP,352000
Sao Miguel Do Iguacu,2,PR,412570
Nhandeara,2,SP,353260
Santa Salete,2,SP,354765
Sombrio,2,SC,421770
Soledade,2,RS,432080
Urussanga,2,SC,421900
Raul Soares,2,MG,315400
Sao Domingos,2,GO,521980
Alcobaca,2,BA,290080
Roca Sales,2,RS,431580
Selviria,2,MS,500780
Colinas,2,RS,430558
Feijo,2,AC,120030
Rio Azul,2,PR,412200
Santo Antonio Do Sudoeste,2,PR,412440
Ouroeste,2,SP,353475
Ouricuri,2,PE,260990
Juquitiba,2,SP,352620
Monte Santo,2,BA,292150
Silva Jardim,2,RJ,330560
Varzea Da Palma,2,MG,317080
Paraiba Do Sul,2,RJ,330370
Itaporanga,2,SP,352280
Sao Luiz Do Paraitinga,2,SP,
Bom Jesus Da Lapa,2,BA,290390
Brejo Alegre,2,SP,350775
Marechal Floriano,2,ES,320334
Sao Lourenco Da Serra,2,SP,354995
Parauna,2,GO,521640
Itapaje,2,CE,
Pombal,2,PB,251210
Anaurilandia,2,MS,500080
Saudades,2,SC,421730
Tabai,2,RS,432085
Florida,2,PR,410810
Monte Alegre De Minas,2,MG,314280
Bady Bassitt,2,SP,350460
Bambui,2,MG,310510
Ronda Alta,2,RS,431610
Barra Bonita,2,SP,350530
Inhambupe,2,BA,291370
Sao Joaquim De Bicas,2,MG,316292
Massaranduba,2,PB,250920
Tupancireta,2,RS,432220
Montividiu Do Norte,2,GO,521377
Bom Jesus Do Itabapoana,2,RJ,330060
Itatiba Do Sul,2,RS,431070
Cachoeira Alta,2,GO,520410
Mariapolis,2,SP,352890
Campo Formoso,2,BA,290600
Santo Antonio Do Caiua,2,PR,412420
Fundao,2,ES,320220
Jandaia,2,GO,521170
Imbe,2,RS,431033
Iguaracu,2,PR,411000
Conceicao Do Almeida,2,BA,290830
Areias,2,SP,350350
Mantena,2,MG,313960
Entre Rios,2,BA,291050
Horizonte,2,CE,230523
Seringueiras,2,RO,110150
Rolante,2,RS,431600
Florai,2,PR,410780
Rio Brilhante,2,MS,500720
Guararapes,2,SP,351820
Sao Luiz Do Norte,2,GO,522015
Alcantara,2,MA,210020
Grandes Rios,2,PR,410870
Coronel Bicaco,2,RS,430590
Senges,2,PR,412630
Quatro Pontes,2,PR,412085
Uruacu,2,GO,522160
Campo Ere,2,SC,420350
Vicencia,2,PE,261630
Pirenopolis,2,GO,521730
Guapiacu,2,SP,351750
Sao Jose Do Cedro,2,SC,421670
Aracoiaba Da Serra,2,SP,350290
Soledade De Minas,2,MG,316780
Viadutos,2,RS,432290
Brochier,2,RS,430265
Vista Alegre Do Alto,2,SP,355690
Porto Estrela,2,MT,510685
Santo Antonio Do Aracangua,2,SP,354805
Sao Felix Do Xingu,2,PA,150730
Matozinhos,2,MG,314110
Acreuna,2,GO,520013
Itambe,1,PE,260765
Pinhal De Sao Bento,1,PR,411925
Piratininga,1,SP,353940
Buritinopolis,1,GO,520396
Santa Teresinha,1,PB,251380
Beberibe,1,CE,230220
Esperantinopolis,1,MA,210400
Cruzeiro Do Iguacu,1,PR,410657
Catole Do Rocha,1,PB,250430
Xique-Xique,1,BA,293360
Miguel Alves,1,PI,220620
Ipora Do Oeste,1,SC,420765
Piracaia,1,SP,353860
Alto Alegre Do Maranhao,1,MA,210043
Buritizal,1,SP,350820
Sacramento,1,MG,315690
Santa Maria De Jetiba,1,ES,320455
Amargosa,1,BA,290100
Anahy,1,PR,410105
Nova Monte Verde,1,MT,510895
Palmas De Monte Alto,1,BA,292340
Raposa,1,MA,210945
Anita Garibaldi,1,SC,420100
Sao Joao Da Barra,1,RJ,330500
Pedreiras,1,MA,210820
Parai,1,RS,431400
Camanducaia,1,MG,311050
Nova Esperanca Do Sudoeste,1,PR,411695
Bom Sucesso,1,PR,410320
Taciba,1,SP,355290
Carmopolis De Minas,1,MG,311450
Itambacuri,1,MG,313270
Sao Joao Do Piaui,1,PI,221000
Ribeirao Dos Indios,1,SP,354323
Macau,1,RN,240720
Itanhanga,1,MT,510454
Ataleia,1,MG,310470
Tres Barras,1,SC,421830
Claro Dos Pocoes,1,MG,311650
Vista Gaucha,1,RS,432370
Sao Roque Do Canaa,1,ES,320495
Barra Do Mendes,1,BA,290300
Ipiranga De Goias,1,GO,521015
Chorozinho,1,CE,230395
Estiva Gerbi,1,SP,355730
Santa Terezinha,1,MT,510777
Alvorada Do Norte,1,GO,520080
Passa Tempo,1,MG,314770
Carlinda,1,MT,510279
Santana Do Ipanema,1,AL,270800
Arapua,1,PR,410165
Novo Horizonte Do Oeste,1,RO,110050
Luislandia,1,MG,313868
Paula Freitas,1,PR,411860
Santa Rita Do Pardo,1,MS,500755
Erebango,1,RS,430697
Sao Joao Do Oeste,1,SC,421625
Cambira,1,PR,410380
Jatauba,1,PE,260800
Ervalia,1,MG,312400
Mangueirinha,1,PR,411440
Paulo Bento,1,RS,431413
Cabeceiras,1,GO,520400
Marechal Deodoro,1,AL,270470
Goianesia Do Para,1,PA,150309
Porto Murtinho,1,MS,500690
Timbo Grande,1,SC,421825
Terra De Areia,1,RS,432143
Cruz Machado,1,PR,410680
Gaurama,1,RS,430870
Alpinopolis,1,MG,310190
Barao De Cotegipe,1,RS,430170
Pindare Mirim,1,MA,
Timbiras,1,MA,211210
Ibiaca,1,RS,430980
Tamandare,1,PE,261485
Montanha,1,ES,320350
Aruana,1,GO,520250
Arvorezinha,1,RS,430140
Taquarucu Do Sul,1,RS,432132
Bofete,1,SP,350690
Sao Joao Do Rio Do Peixe,1,PB,250070
Cavalcante,1,GO,520530
Caldas,1,MG,311030
Figueira,1,PR,410775
Lauro Muller,1,SC,420960
Leme Do Prado,1,MG,313835
Brasilandia Do Sul,1,PR,410337
Governador Edison Lobao,1,MA,210455
Japaraiba,1,MG,313530
Jacutinga,1,RS,431090
Jataizinho,1,PR,411270
Novo Cruzeiro,1,MG,314530
Pedro Canario,1,ES,320405
Carnaubal,1,CE,230340
Sertao,1,RS,432050
Irupi,1,ES,320265
Grupiara,1,MG,312790
Pimenta,1,MG,315050
Palmeiras,1,BA,292350
Bela Cruz,1,CE,230230
Ubaitaba,1,BA,293220
Santos Dumont,1,MG,316070
Itamaraju,1,BA,291560
Cambuci,1,RJ,330090
Estrela Velha,1,RS,430781
Santa Maria Madalena,1,RJ,330460
Santa Quiteria Do Maranhao,1,MA,211010
Peritiba,1,SC,421260
Schroeder,1,SC,421740
Japaratinga,1,AL,270360
Pains,1,MG,314650
Gramado Dos Loureiros,1,RS,430912
Sobralia,1,MG,316770
Santo Antonio Do Pinhal,1,SP,354820
Jequitinhonha,1,MG,313580
Dom Pedrito,1,RS,430660
Jequitiba,1,MG,313570
Oriente,1,SP,353410
Itaipulandia,1,PR,411095
Aguas Da Prata,1,SP,350040
Nazare,1,BA,292250
Sao Miguel Do Passa Quatro,1,GO,522026
Nazareno,1,MG,314450
Monte Negro,1,RO,110140
Silveira Martins,1,RS,432065
Tutoia,1,MA,211250
Goncalves,1,MG,312740
Corumbaiba,1,GO,520590
Coronel Barros,1,RS,430587
Lontras,1,SC,420990
Nova Ponte,1,MG,314500
Virmond,1,PR,412865
Ibitiara,1,BA,291300
Forquilhinha,1,SC,420545
Centralina,1,MG,311580
Alto Paraiso,1,RO,110040
Presidente Dutra,1,MA,210910
Lagoao,1,RS,431125
Ribeirao Grande,1,SP,354325
Senador Firmino,1,MG,316570
Sao Pedro Da Cipa,1,MT,510740
Dilermando De Aguiar,1,RS,430637
Sao Jose Do Divino,1,PI,221005
Jaguariaiva,1,PR,411200
Cacu,1,GO,520430
Igarape-Miri,1,PA,150330
Santa Gertrudes,1,SP,354670
Pejucara,1,RS,431430
Ribeira Do Pombal,1,BA,292660
Terenos,1,MS,500800
Cerejeiras,1,RO,110005
Fartura,1,SP,351540
Anicuns,1,GO,520130
Alvaro De Carvalho,1,SP,350140
Aparecida Do Rio Doce,1,GO,520145
Barra Dos Coqueiros,1,SE,280060
Alfredo Marcondes,1,SP,350080
Sede Nova,1,RS,432023
Acarau,1,CE,230020
Aracu,1,GO,520160
Sao Lourenco Do Sul,1,RS,431880
Aratiba,1,RS,430090
Tailandia,1,PA,150795
Alhandra,1,PB,250060
Alianca,1,PE,260070
Alta Floresta D'Oeste,1,RO,110001
Brejoes,1,BA,290430
Barro Duro,1,PI,220140
Arceburgo,1,MG,310410
Reginopolis,1,SP,354250
Santa Clara D'Oeste,1,SP,354610
Pontes Gestal,1,SP,354030
Acopiara,1,CE,230030
Apora,1,BA,290190
Elesbao Veloso,1,PI,220350
Caibate,1,RS,430330
Satiro Dias,1,BA,292970
Minas Novas,1,MG,314180
Juranda,1,PR,411295
Sao Bento,1,MA,211050
Natalandia,1,MG,314437
Amaralina,1,GO,520082
Itiquira,1,MT,510460
Nova Lacerda,1,MT,510618
Uirauna,1,PB,251690
Aguas De Sao Pedro,1,SP,350060
Eloi Mendes,1,MG,312360
Monteiro Lobato,1,SP,353170
Nova Santa Barbara,1,PR,411721
Lagamar,1,MG,313710
Joao Pinheiro,1,MG,313630
Pedra Do Indaia,1,MG,314890
Carmo Do Rio Claro,1,MG,311440
Serio,1,RS,432045
Mira Estrela,1,SP,353000
Cristino Castro,1,PI,220310
Ipumirim,1,SC,420770
Paraibuna,1,SP,353560
Icapui,1,CE,230535
Ritapolis,1,MG,315610
Crissiumal,1,RS,430600
Amelia Rodrigues,1,BA,290110
Lago Dos Rodrigues,1,MA,210594
Caroebe,1,RR,140023
Alfredo Vasconcelos,1,MG,310163
Santa Luzia Do Itanhy,1,SE,280630
Claudio,1,MG,311660
Pombos,1,PE,261130
Maria Helena,1,PR,411470
Quatigua,1,PR,412070
Santa Rita Do Itueto,1,MG,315950
Maurilandia,1,GO,521300
Arealva,1,SP,350340
Restinga Seca,1,RS,431550
Ponte Serrada,1,SC,421340
Bom Jesus Do Galho,1,MG,310780
Sao Carlos Do Ivai,1,PR,412460
Balsamo,1,SP,350480
Joanopolis,1,SP,352550
Lapao,1,BA,291915
Euclides Da Cunha,1,BA,291070
Craibas,1,AL,270235
Aluminio,1,SP,350115
Mariano Moro,1,RS,431200
Andira,1,PR,410110
Nazario,1,GO,521440
Porciuncula,1,RJ,330410
Vargem Alegre,1,MG,317057
Conselheiro Pena,1,MG,311840
Aguas Belas,1,PE,260050
Montes Claros De Goias,1,GO,521370
Ares,1,RN,240120
Cruz Do Espirito Santo,1,PB,250490
Pedra Azul,1,MG,314870
Igarape,1,MG,313010
Sao Jorge D'Oeste,1,PR,412520
Caiaponia,1,GO,520440
Barao Do Monte Alto,1,MG,
Nazare Paulista,1,SP,353240
Rio Maria,1,PA,150616
Carutapera,1,MA,210290
Jequitai,1,MG,313560
Borda Da Mata,1,MG,310830
Pinheiros,1,ES,320410
Turmalina,1,MG,316970
Campos De Julio,1,MT,510268
Eugenopolis,1,MG,312490
Reboucas,1,PR,412150
Doutor Camargo,1,PR,410730
Presidente Medici,1,RO,110025
Cupira,1,PE,260500
Mariopolis,1,PR,411530
Barrocas,1,BA,290327
Coari,1,AM,130120
Matrincha,1,GO,521295
Monte Belo,1,MG,314300
Lagoa Do Tocantins,1,TO,171195
Arraial Do Cabo,1,RJ,330025
Ourizona,1,PR,411740
Centenario,1,RS,430511
Aracatu,1,BA,290200
Santa Cruz De Monte Castelo,1,PR,412330
Bombinhas,1,SC,420245
Sao Gabriel Da Cachoeira,1,AM,130380
Bom Conselho,1,PE,260210
Nova Santa Rosa,1,PR,411722
Rio Preto Da Eva,1,AM,130356
Itueta,1,MG,313410
Leopolis,1,PR,411340
Quinze De Novembro,1,RS,431535
Monte Carlo,1,SC,421105
Colorado Do Oeste,1,RO,110006
Campo Alegre,1,AL,270140
Fontoura Xavier,1,RS,430830
Sao Lourenco Da Mata,1,PE,261370
Sao Francisco De Sales,1,MG,316130
Salesopolis,1,SP,354500
Imbituva,1,PR,411010
Sao Jose Da Boa Vista,1,PR,412540
Cocal,1,PI,220270
Faina,1,GO,520753
Rio Verde De Mato Grosso,1,MS,500740
Mancio Lima,1,AC,120033
Inacio Martins,1,PR,411020
Populina,1,SP,354040
Rochedo,1,MS,500750
Perdoes,1,MG,314990
Sao Felix Do Araguaia,1,MT,510785
Lima Duarte,1,MG,313860
Urucuca,1,BA,293270
Porto Amazonas,1,PR,412010
Palmares Do Sul,1,RS,431365
Sao Felipe D'Oeste,1,RO,110148
Tefe,1,AM,130420
Ouro,1,SC,421180
Itaguacu,1,ES,320270
Sao Joao Do Paraiso,1,MG,316270
Igreja Nova,1,AL,270320
Cruzmaltina,1,PR,410685
Josenopolis,1,MG,313657
Paraisopolis,1,MG,314730
Campo Limpo De Goias,1,GO,520485
Rodeio,1,SC,421510
Guarinos,1,GO,520945
Mallet,1,PR,411390
Pompeu,1,MG,315200
Rondon Do Para,1,PA,150618
Itaguara,1,MG,313220
Vere,1,PR,412860
Sao Miguel Arcanjo,1,SP,355020
Rodeio Bonito,1,RS,431590
Sao Sebastiao Da Boa Vista,1,PA,150770
Nazaria,1,PI,220672
Rio Das Flores,1,RJ,330450
Sao Jose De Mipibu,1,RN,241220
Chaval,1,CE,230390
Urupema,1,SC,421895
Guamare,1,RN,240450
Balsa Nova,1,PR,410230
Restinga,1,SP,354270
Coelho Neto,1,MA,210340
Victor Graeff,1,RS,432320
Sao Valentim,1,RS,431970
Barreiros,1,PE,260140
Dois Irmaos Do Buriti,1,MS,500348
Ibiara,1,PB,250660
Ibiraiaras,1,RS,430990
Agronomica,1,SC,420030
Campinacu,1,GO,520465
Itapirapua,1,GO,521100
Castanheira,1,MT,510285
Pareci Novo,1,RS,431403
Saudade Do Iguacu,1,PR,412627
Caiabu,1,SP,350890
Tanhacu,1,BA,293100
Touros,1,RN,241440
Pontal Do Parana,1,PR,411995
Vicosa Do Ceara,1,CE,231410
Entre Rios Do Oeste,1,PR,410753
Esplanada,1,BA,291060
Itariri,1,SP,352330
Nortelandia,1,MT,510600
Joviania,1,GO,521210
Hidrolina,1,GO,520980
Ibotirama,1,BA,291320
Novo Planalto,1,GO,521525
Coqueiral,1,MG,311870
Moema,1,MG,314240
Poco Das Antas,1,RS,431475
Casimiro De Abreu,1,RJ,330130
Alvorada Do Sul,1,PR,410080
Maua Da Serra,1,PR,411575
Sandovalina,1,SP,354550
Murici Dos Portelas,1,PI,220669
Sao Gabriel,1,BA,292925
Baixa Grande,1,BA,290260
Quilombo,1,SC,421420
Salto Do Lontra,1,PR,412300
Santopolis Do Aguapei,1,SP,354840
Luzerna,1,SC,421003
Itaiopolis,1,SC,420810
Candoi,1,PR,410442
Vale Do Anari,1,RO,110175
Padre Carvalho,1,MG,314625
Jequeri,1,MG,313550
Balneario Gaivota,1,SC,420207
Jaboticaba,1,RS,431085
Carmopolis,1,SE,280150
Uniao Do Oeste,1,SC,421885
Rosario Do Catete,1,SE,280610
Getulina,1,SP,351700
Mata Verde,1,MG,314055
Passo De Camaragibe,1,AL,270650
Pacajus,1,CE,230960
Ouro Verde De Goias,1,GO,521540
Itapua Do Oeste,1,RO,110110
Divinopolis De Goias,1,GO,520830
Cerqueira Cesar,1,SP,351140
Barrolandia,1,TO,170310
Tres Coroas,1,RS,432170
Itinga,1,MG,313400
Perobal,1,PR,411885
Alambari,1,SP,350075
Sao Sebastiao Da Grama,1,SP,355080
Bernardino De Campos,1,SP,350630
Lagoa Dourada,1,MG,313740
Jeronimo Monteiro,1,ES,320310
Abadiania,1,GO,520010
Jauru,1,MT,510500
Panama,1,GO,521600
Capivari De Baixo,1,SC,420395
Taua,1,CE,231330
Engenheiro Beltrao,1,PR,410750
Cristal,1,RS,430605
Raposos,1,MG,315390
Ribeirao Cascalheira,1,MT,510718
Canitar,1,SP,351015
Barro,1,CE,230200
Sao Miguel Do Anta,1,MG,316380
Portelandia,1,GO,521810
Renascenca,1,PR,412160
Itaruma,1,GO,521130
Agua Fria,1,BA,290040
Marmeleiro,1,PR,411540
Figueiropolis D'Oeste,1,MT,510380
Inconfidentes,1,MG,313060
Lindoia,1,SP,352700
Passa Quatro,1,MG,314760
Sao Goncalo Dos Campos,1,BA,292930
Lavandeira,1,TO,171215
Terra Rica,1,PR,412730
Terra Nova Do Norte,1,MT,510805
Euclides Da Cunha Paulista,1,SP,351535
Paulo Frontin,1,PR,411870
Sao Felix Do Coribe,1,BA,292905
Coroata,1,MA,210360
Monte Carmelo,1,MG,314310
Ernestina,1,RS,430705
Carapebus,1,RJ,330093
Uniao,1,PI,221110
Ribeirao Do Pinhal,1,PR,412190
Benedito Novo,1,SC,420220
Lagoa Do Itaenga,1,PE,
Tome-Acu,1,PA,150800
Minduri,1,MG,314190
Sao Jorge Do Patrocinio,1,PR,412535
Maracana,1,PA,150430
Quixere,1,CE,231150
Ocara,1,CE,230945
Lagoa D'Anta,1,RN,240620
Piranhas,1,GO,521720
Tombos,1,MG,316920
Manoel Urbano,1,AC,120034
Guiratinga,1,MT,510420
Guaraciaba,1,SC,420640
Guaraita,1,GO,520929
Coronel Martins,1,SC,420445
Novo Barreiro,1,RS,431349
Sao Miguel Dos Campos,1,AL,270860
Tuparendi,1,RS,432230
Vespasiano Correa,1,RS,432285
Rolador,1,RS,431595
Fronteira,1,MG,312700
Caete,1,MG,311000
Prudente De Morais,1,MG,315360
Piquerobi,1,SP,353830
Floreal,1,SP,351590
Vila Maria,1,RS,432340
Sitio Novo Do Tocantins,1,TO,172080
Triunfo,1,RS,432200
Torixoreu,1,MT,510820
Paranaita,1,MT,510629
Pantano Grande,1,RS,431395
Sao Joao Da Varjota,1,PI,220995
Vitoria Brasil,1,SP,355695
Penaforte,1,CE,231060
Colina,1,SP,351200
Candiota,1,RS,430435
Coimbra,1,MG,311670
Corinto,1,MG,311910
Mirai,1,MG,314220
Alcinopolis,1,MS,500025
Santa Efigenia De Minas,1,MG,315750
Boa Vista Das Missoes,1,RS,430215
Guaracai,1,SP,351780
Girau Do Ponciano,1,AL,270290
Campo Alegre De Goias,1,GO,520480
Severinia,1,SP,355190
Governador Mangabeira,1,BA,291160
Alto Longa,1,PI,220030
Sao Caitano,1,PE,261310
Canto Do Buriti,1,PI,220230
Tabapora,1,MT,510794
Matipo,1,MG,314090
Bodoco,1,PE,260200
Jaraguari,1,MS,500490
Mae Do Rio,1,PA,150405
Pouso Redondo,1,SC,421370
Santana Do Araguaia,1,PA,150670
Marcolandia,1,PI,220595
Carmo De Minas,1,MG,311410
Varzea Alegre,1,CE,231400
Amarante,1,PI,220050
Breves,1,PA,150180
Chupinguaia,1,RO,110092
Quixeramobim,1,CE,231140
Carlos Gomes,1,RS,430485
Antonio Dias,1,MG,310300
Montividiu,1,GO,521375
Anhembi,1,SP,350230
Araquari,1,SC,420130
Paragominas,1,PA,150550
Brejolandia,1,BA,290440
Cardoso Moreira,1,RJ,330115
Itaoca,1,SP,352215
Ubata,1,BA,293230
Remanso,1,BA,292600
Meruoca,1,CE,230820
Cuparaque,1,MG,312083
Senhora De Oliveira,1,MG,316600
Borrazopolis,1,PR,410330
Afonso Claudio,1,ES,320010
Itaguacu Da Bahia,1,BA,291535
Embauba,1,SP,351495
Santa Quiteria,1,CE,231220
Buriti Dos Lopes,1,PI,220200
Biritinga,1,BA,290360
Sales,1,SP,354480
Treze De Maio,1,SC,421840
Comendador Levy Gasparian,1,RJ,330095
Bom Sucesso Do Sul,1,PR,410322
Presidente Figueiredo,1,AM,130353
Arroio Do Tigre,1,RS,430120
Uirapuru,1,GO,522157
Itiuba,1,BA,291700
Sabaudia,1,PR,412270
Santa Rita De Ibitipoca,1,MG,315940
Patrocinio Paulista,1,SP,353630
Ipigua,1,SP,352115
Pianco,1,PB,251130
Lajinha,1,MG,313770
Gongogi,1,BA,291150
Lajeado Do Bugre,1,RS,431142
Tejupa,1,SP,355420
Coribe,1,BA,290910
Retirolandia,1,BA,292610
Nova Palma,1,RS,431310
Braco Do Trombudo,1,SC,420285
Lagoa Seca,1,PB,250830
Pranchita,1,PR,412035
Araguacu,1,TO,170200
Brasnorte,1,MT,510190
Sao Joao Da Lagoa,1,MG,316225
Eldorado,1,MS,500375
Atalaia,1,AL,270040
Jaiba,1,MG,313505
Ibiapina,1,CE,230530
Aimores,1,MG,310110
Sao Miguel Do Araguaia,1,GO,522020
Santa Izabel Do Oeste,1,PR,412380
Sao Joao Da Urtiga,1,RS,431842
Tres Pontas,1,MG,316940
Cassia,1,MG,311510
Rio Novo,1,MG,315540
Rio Do Antonio,1,BA,292680
Una,1,BA,293250
Santa Cruz,1,RN,241120
Poxoreu,1,MT,
Alfredo Chaves,1,ES,320030
Barbosa Ferraz,1,PR,410250
Paranapoema,1,PR,411830
Lagoa Grande,1,PE,260875
Teofilandia,1,BA,293150
Mendonca,1,SP,352950
Tavares,1,RS,432135
Santa Isabel Do Para,1,PA,
Propria,1,SE,280570
Estacao,1,RS,430755
Felixlandia,1,MG,312570
Ubirajara,1,SP,355550
Alvorada D'Oeste,1,RO,110034
Capao Do Cipo,1,RS,430465
Mucajai,1,RR,140030
Sao Joao Evangelista,1,MG,316280
Tamarana,1,PR,412667
Sao Goncalo Do Sapucai,1,MG,316200
Cajobi,1,SP,350930
Pocone,1,MT,510650
Aral Moreira,1,MS,500124
Porto Barreiro,1,PR,412015
Tupanatinga,1,PE,261580
Pirauba,1,MG,315130
Torrinha,1,SP,355470
Jaguaruna,1,SC,420880
Ruy Barbosa,1,BA,292720
Laranjal,1,MG,313800
Nova Candelaria,1,RS,431301
Tupanci Do Sul,1,RS,432218
Ipaba,1,MG,313115
Balneario Arroio Do Silva,1,SC,420195
Barro Alto,1,GO,520320
Rio Pardo,1,RS,431570
Campinorte,1,GO,520470
Primeiro De Maio,1,PR,412050
Forquilha,1,CE,230435
Macedonia,1,SP,352820
Rifaina,1,SP,354360
Suzanapolis,1,SP,355255
Felisburgo,1,MG,312560
Buritizeiro,1,MG,310940
Parelhas,1,RN,240890
Alpercata,1,MG,310180
Carmo Do Cajuru,1,MG,311420
Ipanema,1,MG,313120
Irineopolis,1,SC,420790
Itinga Do Maranhao,1,MA,210542
Guapirama,1,PR,410900
Pocao,1,PE,261120
Araguatins,1,TO,170220
Nova Brescia,1,RS,431300
Juruaia,1,MG,313690
Engenheiro Caldas,1,MG,312370
Iapu,1,MG,312930
Perdigao,1,MG,314970
Boa Vista Da Aparecida,1,PR,410305
Segredo,1,RS,432026
Tapira,1,PR,412690
Sao Joao Do Ivai,1,PR,412500
Alto Parana,1,PR,410060
Congonhal,1,MG,311790
Lupionopolis,1,PR,411380
Acaiaca,1,MG,310040
Taiuva,1,SP,355320
Sinimbu,1,RS,432067
Maripa,1,PR,411535
Petrolina De Goias,1,GO,521680
Seritinga,1,MG,316640
Taquaral De Goias,1,GO,522100
Mostardas,1,RS,431250
Arroio Do Meio,1,RS,430100
Ararenda,1,CE,230125
Pracinha,1,SP,354085
Rondinha,1,RS,431620
Tacuru,1,MS,500795
Laurentino,1,SC,420950
Sao Francisco Do Gloria,1,MG,316140
Guaicara,1,SP,351720
Redentora,1,RS,431540
Paraiso Das Aguas,1,MS,
Alto Paraiso De Goias,1,GO,520060
Pinheiro,1,MA,210860
Abadia Dos Dourados,1,MG,310010
Autazes,1,AM,130030
Pancas,1,ES,320400
Coaraci,1,BA,290800
Antonio Prado,1,RS,430080
Tocantins,1,MG,316900
Porto Acre,1,AC,120080
Pequi,1,MG,314960
Nova Vicosa,1,BA,292300
Ibiai,1,MG,312960
Sao Miguel Dos Milagres,1,AL,270870
Alto Araguaia,1,MT,510030
Santa Barbara Do Leste,1,MG,315725
Orobo,1,PE,260970
Piquete,1,SP,353850
Corrego Fundo,1,MG,311995
Palmeira D'Oeste,1,SP,353520
Dores De Campos,1,MG,312300
Ariranha,1,SP,350370
Penha,1,SC,421250
Sud Mennucci,1,SP,355230
Pedranopolis,1,SP,353690
Aracuai,1,MG,310340
Olimpio Noronha,1,MG,314550
Santa Cruz Cabralia,1,BA,292770
Irara,1,BA,291450
Porto Do Mangue,1,RN,241025
Brasilandia De Minas,1,MG,310855
Ipueiras,1,CE,230590
Sao Jose Da Coroa Grande,1,PE,261340
Miradouro,1,MG,314210
Major Vieira,1,SC,421030
Sao Sebastiao Da Amoreira,1,PR,412600
Firminopolis,1,GO,520780
Mangaratiba,1,RJ,330260
Guaranta,1,SP,351810
Monteiro,1,PB,250970
Iconha,1,ES,320260
Passos Maia,1,SC,421227
Atilio Vivacqua,1,ES,320070
Santo Expedito,1,SP,354830
Bom Jesus Do Oeste,1,SC,420257
Rafard,1,SP,354210
Moreira Sales,1,PR,411610
Batalha,1,AL,270070
Pinhal Grande,1,RS,431447
Lambari,1,MG,313780
Rio Largo,1,AL,270770
Sapeacu,1,BA,292960
Wenceslau Braz,1,PR,412850
Apui,1,AM,130014
Alto Horizonte,1,GO,520055
Tijucas,1,SC,421800
Ibiracu,1,ES,320250
Benjamin Constant,1,AM,130060
Combinado,1,TO,170555
Serranopolis,1,GO,522050
Governador Lindenberg,1,ES,320225
Fervedouro,1,MG,312595
Platina,1,SP,353970
Jordania,1,MG,313650
Alto Rio Doce,1,MG,310210
Pongai,1,SP,354010
Gameleira De Goias,1,GO,520815
Bocaiuva Do Sul,1,PR,410310
Antonio Joao,1,MS,500090
Pinto Bandeira,1,RS,
Esperanca,1,PB,250600
Denise,1,MT,510345
Tucuma,1,PA,150808
Conceicao De Ipanema,1,MG,311740
Guamiranga,1,PR,410895
Tocantinopolis,1,TO,172120
Ze Doca,1,MA,211400
Aspasia,1,SP,350395
Jardim Alegre,1,PR,411250
Jaguarao,1,RS,431100
Nova Europa,1,SP,353290
Chavantes,1,SP,355720
Serra Alta,1,SC,421755
Agudo,1,RS,430010
Santa Vitoria Do Palmar,1,RS,431730
Santa Rosa Do Sul,1,SC,421565
Divinesia,1,MG,312190
Santana Da Ponte Pensa,1,SP,354720
Barra Do Ribeiro,1,RS,430190
Rodrigues Alves,1,AC,120042
Buri,1,SP,350800
Tijucas Do Sul,1,PR,412760
Machados,1,PE,260910
Itaueira,1,PI,220510
Itajuipe,1,BA,291550
Palmeiras Do Tocantins,1,TO,171380
Corupa,1,SC,420450
Ubajara,1,CE,231360
Uru,1,SP,355590
Gravatal,1,SC,420620
Presidente Castelo Branco,1,PR,412040
Sebastiao Laranjeiras,1,BA,293000
Belem De Sao Francisco,1,PE,260160
Tarumirim,1,MG,316840
Itirapina,1,SP,352360
Joao Ramalho,1,SP,352560
Taguai,1,SP,355300
Arraias,1,TO,170240
Dom Pedro,1,MA,210380
Ibarama,1,RS,430975
Cedro,1,CE,230380
Sao Cristovao,1,SE,280670
Boqueirao Do Leao,1,RS,430245
Dianopolis,1,TO,170700
Salinopolis,1,PA,150620
Tupassi,1,PR,412795
Mineiros Do Tiete,1,SP,352980
Porto Dos Gauchos,1,MT,510680
Campo Novo De Rondonia,1,RO,110070
Moreno,1,PE,260940
Jaqueira,1,PE,260795
Sao Bento Do Una,1,PE,261300
Igaratinga,1,MG,313020
Ivate,1,PR,411155
Capitao Poco,1,PA,150230
Sitio Do Quinto,1,BA,293076
Novo Tiradentes,1,RS,431344
Confins,1,MG,311787
Poco Verde,1,SE,280550
Candeias Do Jamari,1,RO,110080
Teotonio Vilela,1,AL,270915
Sao Cristovao Do Sul,1,SC,421605
Nova Mamore,1,RO,110033
Pilar,1,AL,270690
Santo Antonio Do Grama,1,MG,316010
Maruim,1,SE,280400
Toritama,1,PE,261540
Pinhalao,1,PR,411920
Taquarana,1,AL,270910
Alto Taquari,1,MT,510060
Ibitirama,1,ES,320255
Paranapanema,1,SP,353580
Potiragua,1,BA,292540
Iguaba Grande,1,RJ,330187
Mutum,1,MG,314400
Timbe Do Sul,1,SC,421810
Campina Da Lagoa,1,PR,410390
Amorinopolis,1,GO,520090
Pe De Serra,1,BA,292405
Presidente Tancredo Neves,1,BA,292575
Itaperucu,1,PR,411125
Ibicarai,1,BA,291210
Zortea,1,SC,421985
Matias Barbosa,1,MG,314080
Canelinha,1,SC,420370
Luzilandia,1,PI,220580
Demerval Lobao,1,PI,220330
Indiara,1,GO,520995
Banzae,1,BA,290265
Iguape,1,SP,352030
Vila Pavao,1,ES,320515
Rio Das Pedras,1,SP,354400
Itagimirim,1,BA,291530
Luiziania,1,SP,352770
Paraiso,1,SP,353570
Perola,1,PR,411890
Cacule,1,BA,290500
Piata,1,BA,292430
Iranduba,1,AM,130185
Itarare,1,SP,352320
Candido Sales,1,BA,290670
Pacatuba,1,CE,230970
Santa Mariana,1,PR,412390
Rio Real,1,BA,292700
Novo Oriente,1,CE,230940
Sao Sebastiao Do Rio Verde,1,MG,316490
Brasilia De Minas,1,MG,310860
Nova Prata Do Iguacu,1,PR,411725
Indiapora,1,SP,352070
Divinopolis Do Tocantins,1,TO,170710
Xangri-La,1,RS,432380
Turiuba,1,SP,355520
Vargem,1,SP,355635
Miracema,1,RJ,330300
Guaimbe,1,SP,351730
Laranjal Do Jari,1,AP,160027
